time,c1,q1,axis1_deg,c2,q2,axis2_deg,c3,q3,axis3_deg,c4,q4,axis4_deg
0,16310.0,1.0,0.0,-17460.0,1.0,0.0,-16510.0,1.0,0.0,16210.0,1.0,0.0
20,16410.0,1.0,0.0,-17500.0,1.0,0.0,-16500.0,1.0,0.0,16280.0,1.0,0.0
40,16370.0,1.0,0.0,-17540.0,1.0,0.0,-16370.0,1.0,0.0,16330.0,1.0,0.0
60,16460.0,1.0,0.0,-17410.0,1.0,0.0,-16330.0,1.0,0.0,16390.0,1.0,0.0
80,16470.0,1.0,0.0,-17380.0,1.0,0.0,-16450.0,1.0,0.0,16270.0,1.0,0.0
100,16530.0,1.0,0.0,-17370.0,1.0,0.0,-16390.0,1.0,0.0,16170.0,1.0,0.0
120,16510.0,1.0,0.0,-17330.0,1.0,0.0,-16470.0,1.0,0.0,16230.0,1.0,0.0
140,16490.0,1.0,0.0,-17420.0,1.0,0.0,-16420.0,1.0,0.0,16260.0,1.0,0.0
160,16520.0,1.0,0.0,-17420.0,1.0,0.0,-16270.0,1.0,0.0,16480.0,1.0,0.0
180,16440.0,1.0,0.0,-17410.0,1.0,0.0,-16300.0,1.0,0.0,16380.0,1.0,0.0
200,16470.0,1.0,0.0,-17290.0,1.0,0.0,-16300.0,1.0,0.0,16420.0,1.0,0.0
220,16500.0,1.0,0.0,-17180.0,1.0,0.0,-16170.0,1.0,0.0,16430.0,1.0,0.0
240,16500.0,1.0,0.0,-17180.0,1.0,0.0,-16210.0,1.0,0.0,16440.0,1.0,0.0
260,16520.0,1.0,0.0,-17090.0,1.0,0.0,-16340.0,1.0,0.0,16330.0,1.0,0.0
280,16500.0,1.0,0.0,-17230.0,1.0,0.0,-16300.0,1.0,0.0,16300.0,1.0,0.0
300,16480.0,1.0,0.0,-17320.0,1.0,0.0,-16170.0,1.0,0.0,16310.0,1.0,0.0
320,16510.0,1.0,0.0,-17390.0,1.0,0.0,-16130.0,1.0,0.0,16430.0,1.0,0.0
340,16590.0,1.0,0.0,-17280.0,1.0,0.0,-16110.0,1.0,0.0,16460.0,1.0,0.0
360,16680.0,1.0,0.0,-17100.0,1.0,0.0,-16180.0,1.0,0.0,16470.0,1.0,0.0
380,16760.0,1.0,0.0,-17120.0,1.0,0.0,-16120.0,1.0,0.0,16450.0,1.0,0.0
400,16830.0,1.0,0.0,-17000.0,1.0,0.0,-16110.0,1.0,0.0,16440.0,1.0,0.0
420,16860.0,1.0,0.0,-16990.0,1.0,0.0,-15990.0,1.0,0.0,16330.0,1.0,0.0
440,16840.0,1.0,0.0,-17050.0,1.0,0.0,-15890.0,1.0,0.0,16390.0,1.0,0.0
460,16890.0,1.0,0.0,-17110.0,1.0,0.0,-16040.0,1.0,0.0,16500.0,1.0,0.0
480,16900.0,1.0,0.0,-17000.0,1.0,0.0,-16060.0,1.0,0.0,16490.0,1.0,0.0
500,16780.0,1.0,0.0,-17050.0,1.0,0.0,-16090.0,1.0,0.0,16540.0,1.0,0.0
520,16860.0,1.0,0.0,-17050.0,1.0,0.0,-16180.0,1.0,0.0,16540.0,1.0,0.0
540,16870.0,1.0,0.0,-16970.0,1.0,0.0,-16200.0,1.0,0.0,16460.0,1.0,0.0
560,16710.0,1.0,0.0,-16970.0,1.0,0.0,-16070.0,1.0,0.0,16440.0,1.0,0.0
580,16700.0,1.0,0.0,-16870.0,1.0,0.0,-16050.0,1.0,0.0,16470.0,1.0,0.0
600,16700.0,1.0,0.0,-16800.0,1.0,0.0,-16190.0,1.0,0.0,16650.0,1.0,0.0
620,16810.0,1.0,0.0,-16920.0,1.0,0.0,-16080.0,1.0,0.0,16610.0,1.0,0.0
640,16830.0,1.0,0.0,-17070.0,1.0,0.0,-16020.0,1.0,0.0,16720.0,1.0,0.0
660,16840.0,1.0,0.0,-17100.0,1.0,0.0,-16050.0,1.0,0.0,16680.0,1.0,0.0
680,16810.0,1.0,0.0,-17130.0,1.0,0.0,-16050.0,1.0,0.0,16710.0,1.0,0.0
700,16960.0,1.0,0.0,-17020.0,1.0,0.0,-16020.0,1.0,0.0,16760.0,1.0,0.0
720,16960.0,1.0,0.0,-16910.0,1.0,0.0,-16020.0,1.0,0.0,16650.0,1.0,0.0
740,16940.0,1.0,0.0,-16880.0,1.0,0.0,-16020.0,1.0,0.0,16640.0,1.0,0.0
760,16820.0,1.0,0.0,-16820.0,1.0,0.0,-16200.0,1.0,0.0,16590.0,1.0,0.0
780,16880.0,1.0,0.0,-16800.0,1.0,0.0,-16200.0,1.0,0.0,16620.0,1.0,0.0
800,16730.0,1.0,0.0,-16850.0,1.0,0.0,-16150.0,1.0,0.0,16680.0,1.0,0.0
820,16660.0,1.0,0.0,-16700.0,1.0,0.0,-16150.0,1.0,0.0,16670.0,1.0,0.0
840,16680.0,1.0,0.0,-16750.0,1.0,0.0,-16030.0,1.0,0.0,16540.0,1.0,0.0
860,16780.0,1.0,0.0,-16790.0,1.0,0.0,-16180.0,1.0,0.0,16540.0,1.0,0.0
880,16750.0,1.0,0.0,-16750.0,1.0,0.0,-16170.0,1.0,0.0,16460.0,1.0,0.0
900,16670.0,1.0,0.0,-16640.0,1.0,0.0,-16140.0,1.0,0.0,16610.0,1.0,0.0
920,16750.0,1.0,0.0,-16770.0,1.0,0.0,-16030.0,1.0,0.0,16530.0,1.0,0.0
940,16810.0,1.0,0.0,-16780.0,1.0,0.0,-16010.0,1.0,0.0,16650.0,1.0,0.0
960,16820.0,1.0,0.0,-16790.0,1.0,0.0,-16060.0,1.0,0.0,16560.0,1.0,0.0
980,16700.0,1.0,0.0,-16750.0,1.0,0.0,-16150.0,1.0,0.0,16460.0,1.0,0.0
1000,16730.0,1.0,0.0,-16790.0,1.0,0.0,-16160.0,1.0,0.0,16490.0,1.0,0.0
1020,16750.0,1.0,0.0,-16810.0,1.0,0.0,-16130.0,1.0,0.0,16330.0,1.0,0.0
1040,16720.0,1.0,0.0,-16900.0,1.0,0.0,-16060.0,1.0,0.0,16430.0,1.0,0.0
1060,16650.0,1.0,0.0,-16890.0,1.0,0.0,-16180.0,1.0,0.0,16350.0,1.0,0.0
1080,16670.0,1.0,0.0,-16870.0,1.0,0.0,-16170.0,1.0,0.0,16480.0,1.0,0.0
1100,16790.0,1.0,0.0,-16740.0,1.0,0.0,-16230.0,1.0,0.0,16490.0,1.0,0.0
1120,16840.0,1.0,0.0,-16810.0,1.0,0.0,-16230.0,1.0,0.0,16400.0,1.0,0.0
1140,16850.0,1.0,0.0,-16860.0,1.0,0.0,-16160.0,1.0,0.0,16590.0,1.0,0.0
1160,16920.0,1.0,0.0,-16950.0,1.0,0.0,-16140.0,1.0,0.0,16730.0,1.0,0.0
1180,16900.0,1.0,0.0,-16950.0,1.0,0.0,-15990.0,1.0,0.0,16610.0,1.0,0.0
1200,16930.0,1.0,0.0,-16940.0,1.0,0.0,-16030.0,1.0,0.0,16630.0,1.0,0.0
1220,16850.0,1.0,0.0,-16960.0,1.0,0.0,-16160.0,1.0,0.0,16580.0,1.0,0.0
1240,16850.0,1.0,0.0,-16830.0,1.0,0.0,-16130.0,1.0,0.0,16530.0,1.0,0.0
1260,16870.0,1.0,0.0,-16750.0,1.0,0.0,-16130.0,1.0,0.0,16570.0,1.0,0.0
1280,16820.0,1.0,0.0,-16770.0,1.0,0.0,-16080.0,1.0,0.0,16530.0,1.0,0.0
1300,16860.0,1.0,0.0,-16790.0,1.0,0.0,-16030.0,1.0,0.0,16460.0,1.0,0.0
1320,16920.0,1.0,0.0,-16640.0,1.0,0.0,-16060.0,1.0,0.0,16580.0,1.0,0.0
1340,16920.0,1.0,0.0,-16700.0,1.0,0.0,-15990.0,1.0,0.0,16700.0,1.0,0.0
1360,16910.0,1.0,0.0,-16790.0,1.0,0.0,-16050.0,1.0,0.0,16640.0,1.0,0.0
1380,16900.0,1.0,0.0,-16650.0,1.0,0.0,-16010.0,1.0,0.0,16600.0,1.0,0.0
1400,16770.0,1.0,0.0,-16570.0,1.0,0.0,-16150.0,1.0,0.0,16610.0,1.0,0.0
1420,16750.0,1.0,0.0,-16690.0,1.0,0.0,-16250.0,1.0,0.0,16640.0,1.0,0.0
1440,16810.0,1.0,0.0,-16670.0,1.0,0.0,-16270.0,1.0,0.0,16690.0,1.0,0.0
1460,16840.0,1.0,0.0,-16620.0,1.0,0.0,-16260.0,1.0,0.0,16530.0,1.0,0.0
1480,16970.0,1.0,0.0,-16590.0,1.0,0.0,-16200.0,1.0,0.0,16650.0,1.0,0.0
1500,16960.0,1.0,0.0,-16620.0,1.0,0.0,-16150.0,1.0,0.0,16530.0,1.0,0.0
1520,16910.0,1.0,0.0,-16640.0,1.0,0.0,-16360.0,1.0,0.0,16670.0,1.0,0.0
1540,16900.0,1.0,0.0,-16760.0,1.0,0.0,-16260.0,1.0,0.0,16520.0,1.0,0.0
1560,16740.0,1.0,0.0,-16790.0,1.0,0.0,-16330.0,1.0,0.0,16450.0,1.0,0.0
1580,16690.0,1.0,0.0,-16730.0,1.0,0.0,-16240.0,1.0,0.0,16530.0,1.0,0.0
1600,16740.0,1.0,0.0,-16600.0,1.0,0.0,-16240.0,1.0,0.0,16540.0,1.0,0.0
1620,16800.0,1.0,0.0,-16620.0,1.0,0.0,-16140.0,1.0,0.0,16530.0,1.0,0.0
1640,16860.0,1.0,0.0,-16470.0,1.0,0.0,-16090.0,1.0,0.0,16470.0,1.0,0.0
1660,16830.0,1.0,0.0,-16580.0,1.0,0.0,-16180.0,1.0,0.0,16400.0,1.0,0.0
1680,16810.0,1.0,0.0,-16510.0,1.0,0.0,-16130.0,1.0,0.0,16600.0,1.0,0.0
1700,16850.0,1.0,0.0,-16510.0,1.0,0.0,-16090.0,1.0,0.0,16520.0,1.0,0.0
1720,16840.0,1.0,0.0,-16460.0,1.0,0.0,-16100.0,1.0,0.0,16480.0,1.0,0.0
1740,16870.0,1.0,0.0,-16530.0,1.0,0.0,-16060.0,1.0,0.0,16480.0,1.0,0.0
1760,16930.0,1.0,0.0,-16510.0,1.0,0.0,-15920.0,1.0,0.0,16580.0,1.0,0.0
1780,17050.0,1.0,0.0,-16470.0,1.0,0.0,-15910.0,1.0,0.0,16540.0,1.0,0.0
1800,17130.0,1.0,0.0,-16350.0,1.0,0.0,-15810.0,1.0,0.0,16590.0,1.0,0.0
1820,17070.0,1.0,0.0,-16390.0,1.0,0.0,-15790.0,1.0,0.0,16640.0,1.0,0.0
1840,17050.0,1.0,0.0,-16490.0,1.0,0.0,-15920.0,1.0,0.0,16760.0,1.0,0.0
1860,17020.0,1.0,0.0,-16470.0,1.0,0.0,-16000.0,1.0,0.0,16770.0,1.0,0.0
1880,16960.0,1.0,0.0,-16500.0,1.0,0.0,-15850.0,1.0,0.0,16650.0,1.0,0.0
1900,17030.0,1.0,0.0,-16390.0,1.0,0.0,-15880.0,1.0,0.0,16630.0,1.0,0.0
1920,17060.0,1.0,0.0,-16420.0,1.0,0.0,-15790.0,1.0,0.0,16600.0,1.0,0.0
1940,17070.0,1.0,0.0,-16410.0,1.0,0.0,-15900.0,1.0,0.0,16580.0,1.0,0.0
1960,17000.0,1.0,0.0,-16370.0,1.0,0.0,-16070.0,1.0,0.0,16680.0,1.0,0.0
1980,17040.0,1.0,0.0,-16430.0,1.0,0.0,-16040.0,1.0,0.0,16730.0,1.0,0.0
2000,17060.0,1.0,0.0,-16350.0,1.0,0.0,-15810.0,1.0,0.0,16690.0,1.0,0.0
2020,17060.0,1.0,0.0,-16460.0,1.0,0.0,-15980.0,1.0,0.0,16710.0,1.0,0.0
2040,16990.0,1.0,0.0,-16470.0,1.0,0.0,-15980.0,1.0,0.0,16500.0,1.0,0.0
2060,16950.0,1.0,0.0,-16480.0,1.0,0.0,-16040.0,1.0,0.0,16320.0,1.0,0.0
2080,16960.0,1.0,0.0,-16660.0,1.0,0.0,-15880.0,1.0,0.0,16270.0,1.0,0.0
2100,17060.0,1.0,0.0,-16720.0,1.0,0.0,-16000.0,1.0,0.0,16370.0,1.0,0.0
2120,17170.0,1.0,0.0,-16750.0,1.0,0.0,-16040.0,1.0,0.0,16360.0,1.0,0.0
2140,17100.0,1.0,0.0,-16830.0,1.0,0.0,-15930.0,1.0,0.0,16320.0,1.0,0.0
2160,17190.0,1.0,0.0,-16760.0,1.0,0.0,-15900.0,1.0,0.0,16460.0,1.0,0.0
2180,17070.0,1.0,0.0,-16810.0,1.0,0.0,-16020.0,1.0,0.0,16590.0,1.0,0.0
2200,17130.0,1.0,0.0,-16630.0,1.0,0.0,-16000.0,1.0,0.0,16530.0,1.0,0.0
2220,17070.0,1.0,0.0,-16620.0,1.0,0.0,-16020.0,1.0,0.0,16560.0,1.0,0.0
2240,16950.0,1.0,0.0,-16510.0,1.0,0.0,-16050.0,1.0,0.0,16500.0,1.0,0.0
2260,16920.0,1.0,0.0,-16690.0,1.0,0.0,-16020.0,1.0,0.0,16570.0,1.0,0.0
2280,16880.0,1.0,0.0,-16600.0,1.0,0.0,-16020.0,1.0,0.0,16500.0,1.0,0.0
2300,16950.0,1.0,0.0,-16630.0,1.0,0.0,-16030.0,1.0,0.0,16660.0,1.0,0.0
2320,17000.0,1.0,0.0,-16570.0,1.0,0.0,-16000.0,1.0,0.0,16620.0,1.0,0.0
2340,16960.0,1.0,0.0,-16580.0,1.0,0.0,-15920.0,1.0,0.0,16660.0,1.0,0.0
2360,16880.0,1.0,0.0,-16710.0,1.0,0.0,-15840.0,1.0,0.0,16650.0,1.0,0.0
2380,16970.0,1.0,0.0,-16750.0,1.0,0.0,-15950.0,1.0,0.0,16590.0,1.0,0.0
2400,17050.0,1.0,0.0,-16670.0,1.0,0.0,-16000.0,1.0,0.0,16600.0,1.0,0.0
2420,16930.0,1.0,0.0,-16640.0,1.0,0.0,-15870.0,1.0,0.0,16590.0,1.0,0.0
2440,16910.0,1.0,0.0,-16610.0,1.0,0.0,-15950.0,1.0,0.0,16650.0,1.0,0.0
2460,16970.0,1.0,0.0,-16650.0,1.0,0.0,-15890.0,1.0,0.0,16790.0,1.0,0.0
2480,17010.0,1.0,0.0,-16600.0,1.0,0.0,-15870.0,1.0,0.0,16710.0,1.0,0.0
2500,17000.0,1.0,0.0,-16580.0,1.0,0.0,-15870.0,1.0,0.0,16770.0,1.0,0.0
2520,17120.0,1.0,0.0,-16620.0,1.0,0.0,-15960.0,1.0,0.0,16760.0,1.0,0.0
2540,17100.0,1.0,0.0,-16720.0,1.0,0.0,-15860.0,1.0,0.0,16700.0,1.0,0.0
2560,17190.0,1.0,0.0,-16620.0,1.0,0.0,-16080.0,1.0,0.0,16790.0,1.0,0.0
2580,17220.0,1.0,0.0,-16680.0,1.0,0.0,-16020.0,1.0,0.0,16780.0,1.0,0.0
2600,17220.0,1.0,0.0,-16720.0,1.0,0.0,-15800.0,1.0,0.0,16650.0,1.0,0.0
2620,17280.0,1.0,0.0,-16730.0,1.0,0.0,-15830.0,1.0,0.0,16580.0,1.0,0.0
2640,17350.0,1.0,0.0,-16780.0,1.0,0.0,-15840.0,1.0,0.0,16780.0,1.0,0.0
2660,17310.0,1.0,0.0,-16810.0,1.0,0.0,-15910.0,1.0,0.0,16660.0,1.0,0.0
2680,17230.0,1.0,0.0,-16770.0,1.0,0.0,-16010.0,1.0,0.0,16720.0,1.0,0.0
2700,17270.0,1.0,0.0,-16860.0,1.0,0.0,-16040.0,1.0,0.0,16700.0,1.0,0.0
2720,17150.0,1.0,0.0,-16880.0,1.0,0.0,-16000.0,1.0,0.0,16670.0,1.0,0.0
2740,17240.0,1.0,0.0,-16960.0,1.0,0.0,-15960.0,1.0,0.0,16840.0,1.0,0.0
2760,17200.0,1.0,0.0,-16830.0,1.0,0.0,-16060.0,1.0,0.0,16790.0,1.0,0.0
2780,17280.0,1.0,0.0,-16790.0,1.0,0.0,-16030.0,1.0,0.0,16690.0,1.0,0.0
2800,17160.0,1.0,0.0,-16890.0,1.0,0.0,-16110.0,1.0,0.0,16630.0,1.0,0.0
2820,17130.0,1.0,0.0,-16800.0,1.0,0.0,-16060.0,1.0,0.0,16610.0,1.0,0.0
2840,17050.0,1.0,0.0,-16830.0,1.0,0.0,-16120.0,1.0,0.0,16670.0,1.0,0.0
2860,17090.0,1.0,0.0,-16940.0,1.0,0.0,-16200.0,1.0,0.0,16630.0,1.0,0.0
2880,17150.0,1.0,0.0,-16950.0,1.0,0.0,-16210.0,1.0,0.0,16610.0,1.0,0.0
2900,17060.0,1.0,0.0,-16950.0,1.0,0.0,-16300.0,1.0,0.0,16540.0,1.0,0.0
2920,17070.0,1.0,0.0,-16960.0,1.0,0.0,-16190.0,1.0,0.0,16360.0,1.0,0.0
2940,17070.0,1.0,0.0,-17030.0,1.0,0.0,-16300.0,1.0,0.0,16410.0,1.0,0.0
2960,17030.0,1.0,0.0,-16950.0,1.0,0.0,-16270.0,1.0,0.0,16410.0,1.0,0.0
2980,16980.0,1.0,0.0,-17000.0,1.0,0.0,-16260.0,1.0,0.0,16400.0,1.0,0.0
3000,16950.0,1.0,0.0,-17170.0,1.0,0.0,-16320.0,1.0,0.0,16400.0,1.0,0.0
3020,16850.0,1.0,0.0,-17090.0,1.0,0.0,-16420.0,1.0,0.0,16450.0,1.0,0.0
3040,16900.0,1.0,0.0,-17140.0,1.0,0.0,-16400.0,1.0,0.0,16450.0,1.0,0.0
3060,16790.0,1.0,0.0,-17120.0,1.0,0.0,-16410.0,1.0,0.0,16490.0,1.0,0.0
3080,16750.0,1.0,0.0,-17020.0,1.0,0.0,-16310.0,1.0,0.0,16480.0,1.0,0.0
3100,16770.0,1.0,0.0,-16960.0,1.0,0.0,-16300.0,1.0,0.0,16400.0,1.0,0.0
3120,16830.0,1.0,0.0,-17060.0,1.0,0.0,-16260.0,1.0,0.0,16500.0,1.0,0.0
3140,16820.0,1.0,0.0,-17040.0,1.0,0.0,-16330.0,1.0,0.0,16420.0,1.0,0.0
3160,16770.0,1.0,0.0,-17120.0,1.0,0.0,-16350.0,1.0,0.0,16370.0,1.0,0.0
3180,16830.0,1.0,0.0,-17180.0,1.0,0.0,-16320.0,1.0,0.0,16470.0,1.0,0.0
3200,16920.0,1.0,0.0,-17190.0,1.0,0.0,-16190.0,1.0,0.0,16410.0,1.0,0.0
3220,16790.0,1.0,0.0,-17120.0,1.0,0.0,-16270.0,1.0,0.0,16350.0,1.0,0.0
3240,16710.0,1.0,0.0,-17030.0,1.0,0.0,-16340.0,1.0,0.0,16380.0,1.0,0.0
3260,16610.0,1.0,0.0,-16950.0,1.0,0.0,-16450.0,1.0,0.0,16340.0,1.0,0.0
3280,16640.0,1.0,0.0,-17070.0,1.0,0.0,-16310.0,1.0,0.0,16320.0,1.0,0.0
3300,16600.0,1.0,0.0,-17090.0,1.0,0.0,-16520.0,1.0,0.0,16310.0,1.0,0.0
3320,16610.0,1.0,0.0,-17160.0,1.0,0.0,-16440.0,1.0,0.0,16230.0,1.0,0.0
3340,16550.0,1.0,0.0,-17210.0,1.0,0.0,-16490.0,1.0,0.0,16210.0,1.0,0.0
3360,16620.0,1.0,0.0,-17210.0,1.0,0.0,-16540.0,1.0,0.0,16370.0,1.0,0.0
3380,16610.0,1.0,0.0,-17130.0,1.0,0.0,-16480.0,1.0,0.0,16240.0,1.0,0.0
3400,16710.0,1.0,0.0,-17260.0,1.0,0.0,-16480.0,1.0,0.0,16150.0,1.0,0.0
3420,16690.0,1.0,0.0,-17290.0,1.0,0.0,-16390.0,1.0,0.0,16070.0,1.0,0.0
3440,16670.0,1.0,0.0,-17310.0,1.0,0.0,-16390.0,1.0,0.0,16060.0,1.0,0.0
3460,16710.0,1.0,0.0,-17240.0,1.0,0.0,-16350.0,1.0,0.0,16170.0,1.0,0.0
3480,16730.0,1.0,0.0,-17240.0,1.0,0.0,-16310.0,1.0,0.0,16130.0,1.0,0.0
3500,16760.0,1.0,0.0,-17250.0,1.0,0.0,-16460.0,1.0,0.0,16170.0,1.0,0.0
3520,16760.0,1.0,0.0,-17300.0,1.0,0.0,-16440.0,1.0,0.0,16280.0,1.0,0.0
3540,16720.0,1.0,0.0,-17320.0,1.0,0.0,-16410.0,1.0,0.0,16400.0,1.0,0.0
3560,16680.0,1.0,0.0,-17250.0,1.0,0.0,-16490.0,1.0,0.0,16320.0,1.0,0.0
3580,16670.0,1.0,0.0,-17280.0,1.0,0.0,-16490.0,1.0,0.0,16270.0,1.0,0.0
3600,16670.0,1.0,0.0,-17280.0,1.0,0.0,-16490.0,1.0,0.0,16230.0,1.0,0.0
3620,16700.0,1.0,0.0,-17330.0,1.0,0.0,-16440.0,1.0,0.0,16290.0,1.0,0.0
3640,16610.0,1.0,0.0,-17570.0,1.0,0.0,-16410.0,1.0,0.0,16220.0,1.0,0.0
3660,16730.0,1.0,0.0,-17570.0,1.0,0.0,-16470.0,1.0,0.0,16250.0,1.0,0.0
3680,16650.0,1.0,0.0,-17500.0,1.0,0.0,-16510.0,1.0,0.0,16250.0,1.0,0.0
3700,16720.0,1.0,0.0,-17450.0,1.0,0.0,-16590.0,1.0,0.0,16170.0,1.0,0.0
3720,16620.0,1.0,0.0,-17510.0,1.0,0.0,-16490.0,1.0,0.0,16110.0,1.0,0.0
3740,16590.0,1.0,0.0,-17580.0,1.0,0.0,-16510.0,1.0,0.0,16070.0,1.0,0.0
3760,16510.0,1.0,0.0,-17490.0,1.0,0.0,-16410.0,1.0,0.0,16240.0,1.0,0.0
3780,16520.0,1.0,0.0,-17510.0,1.0,0.0,-16430.0,1.0,0.0,16330.0,1.0,0.0
3800,16630.0,1.0,0.0,-17430.0,1.0,0.0,-16380.0,1.0,0.0,16440.0,1.0,0.0
3820,16590.0,1.0,0.0,-17440.0,1.0,0.0,-16430.0,1.0,0.0,16330.0,1.0,0.0
3840,16670.0,1.0,0.0,-17560.0,1.0,0.0,-16450.0,1.0,0.0,16230.0,1.0,0.0
3860,16740.0,1.0,0.0,-17520.0,1.0,0.0,-16560.0,1.0,0.0,16190.0,1.0,0.0
3880,16760.0,1.0,0.0,-17330.0,1.0,0.0,-16630.0,1.0,0.0,16140.0,1.0,0.0
3900,16690.0,1.0,0.0,-17370.0,1.0,0.0,-16560.0,1.0,0.0,16220.0,1.0,0.0
3920,16640.0,1.0,0.0,-17270.0,1.0,0.0,-16550.0,1.0,0.0,16260.0,1.0,0.0
3940,16470.0,1.0,0.0,-17230.0,1.0,0.0,-16550.0,1.0,0.0,16210.0,1.0,0.0
3960,16550.0,1.0,0.0,-17240.0,1.0,0.0,-16440.0,1.0,0.0,16140.0,1.0,0.0
3980,16550.0,1.0,0.0,-17320.0,1.0,0.0,-16500.0,1.0,0.0,16020.0,1.0,0.0
4000,16680.0,1.0,0.0,-17320.0,1.0,0.0,-16470.0,1.0,0.0,16180.0,1.0,0.0
4020,16630.0,1.0,0.0,-17280.0,1.0,0.0,-16560.0,1.0,0.0,16110.0,1.0,0.0
4040,16600.0,1.0,0.0,-17260.0,1.0,0.0,-16590.0,1.0,0.0,16160.0,1.0,0.0
4060,16610.0,1.0,0.0,-17230.0,1.0,0.0,-16580.0,1.0,0.0,16110.0,1.0,0.0
4080,16470.0,1.0,0.0,-17280.0,1.0,0.0,-16620.0,1.0,0.0,16040.0,1.0,0.0
4100,16540.0,1.0,0.0,-17390.0,1.0,0.0,-16580.0,1.0,0.0,16170.0,1.0,0.0
4120,16500.0,1.0,0.0,-17340.0,1.0,0.0,-16580.0,1.0,0.0,16130.0,1.0,0.0
4140,16570.0,1.0,0.0,-17440.0,1.0,0.0,-16610.0,1.0,0.0,16150.0,1.0,0.0
4160,16570.0,1.0,0.0,-17480.0,1.0,0.0,-16620.0,1.0,0.0,15980.0,1.0,0.0
4180,16540.0,1.0,0.0,-17360.0,1.0,0.0,-16600.0,1.0,0.0,15950.0,1.0,0.0
4200,16540.0,1.0,0.0,-17300.0,1.0,0.0,-16720.0,1.0,0.0,15950.0,1.0,0.0
4220,16560.0,1.0,0.0,-17310.0,1.0,0.0,-16760.0,1.0,0.0,15980.0,1.0,0.0
4240,16540.0,1.0,0.0,-17300.0,1.0,0.0,-16650.0,1.0,0.0,16090.0,1.0,0.0
4260,16520.0,1.0,0.0,-17400.0,1.0,0.0,-16640.0,1.0,0.0,16160.0,1.0,0.0
4280,16510.0,1.0,0.0,-17310.0,1.0,0.0,-16570.0,1.0,0.0,16260.0,1.0,0.0
4300,16520.0,1.0,0.0,-17240.0,1.0,0.0,-16490.0,1.0,0.0,16260.0,1.0,0.0
4320,16550.0,1.0,0.0,-17220.0,1.0,0.0,-16620.0,1.0,0.0,16260.0,1.0,0.0
4340,16510.0,1.0,0.0,-17070.0,1.0,0.0,-16670.0,1.0,0.0,16210.0,1.0,0.0
4360,16610.0,1.0,0.0,-17180.0,1.0,0.0,-16630.0,1.0,0.0,16290.0,1.0,0.0
4380,16600.0,1.0,0.0,-17290.0,1.0,0.0,-16680.0,1.0,0.0,16200.0,1.0,0.0
4400,16590.0,1.0,0.0,-17290.0,1.0,0.0,-16630.0,1.0,0.0,16170.0,1.0,0.0
4420,16640.0,1.0,0.0,-17250.0,1.0,0.0,-16600.0,1.0,0.0,16220.0,1.0,0.0
4440,16650.0,1.0,0.0,-17210.0,1.0,0.0,-16620.0,1.0,0.0,16180.0,1.0,0.0
4460,16630.0,1.0,0.0,-17190.0,1.0,0.0,-16570.0,1.0,0.0,16230.0,1.0,0.0
4480,16560.0,1.0,0.0,-17260.0,1.0,0.0,-16610.0,1.0,0.0,16330.0,1.0,0.0
4500,16460.0,1.0,0.0,-17220.0,1.0,0.0,-16560.0,1.0,0.0,16380.0,1.0,0.0
4520,16630.0,1.0,0.0,-17220.0,1.0,0.0,-16610.0,1.0,0.0,16300.0,1.0,0.0
4540,16580.0,1.0,0.0,-17240.0,1.0,0.0,-16610.0,1.0,0.0,16340.0,1.0,0.0
4560,16460.0,1.0,0.0,-17270.0,1.0,0.0,-16510.0,1.0,0.0,16320.0,1.0,0.0
4580,16350.0,1.0,0.0,-17180.0,1.0,0.0,-16600.0,1.0,0.0,16430.0,1.0,0.0
4600,16350.0,1.0,0.0,-17370.0,1.0,0.0,-16690.0,1.0,0.0,16360.0,1.0,0.0
4620,16410.0,1.0,0.0,-17370.0,1.0,0.0,-16610.0,1.0,0.0,16250.0,1.0,0.0
4640,16430.0,1.0,0.0,-17240.0,1.0,0.0,-16620.0,1.0,0.0,16210.0,1.0,0.0
4660,16430.0,1.0,0.0,-17290.0,1.0,0.0,-16650.0,1.0,0.0,16190.0,1.0,0.0
4680,16500.0,1.0,0.0,-17400.0,1.0,0.0,-16570.0,1.0,0.0,16150.0,1.0,0.0
4700,16460.0,1.0,0.0,-17330.0,1.0,0.0,-16650.0,1.0,0.0,16290.0,1.0,0.0
4720,16400.0,1.0,0.0,-17400.0,1.0,0.0,-16710.0,1.0,0.0,16250.0,1.0,0.0
4740,16380.0,1.0,0.0,-17460.0,1.0,0.0,-16710.0,1.0,0.0,16250.0,1.0,0.0
4760,16400.0,1.0,0.0,-17480.0,1.0,0.0,-16730.0,1.0,0.0,16260.0,1.0,0.0
4780,16490.0,1.0,0.0,-17500.0,1.0,0.0,-16760.0,1.0,0.0,16160.0,1.0,0.0
4800,16490.0,1.0,0.0,-17540.0,1.0,0.0,-16680.0,1.0,0.0,16100.0,1.0,0.0
4820,16510.0,1.0,0.0,-17530.0,1.0,0.0,-16660.0,1.0,0.0,16270.0,1.0,0.0
4840,16560.0,1.0,0.0,-17480.0,1.0,0.0,-16690.0,1.0,0.0,16180.0,1.0,0.0
4860,16460.0,1.0,0.0,-17420.0,1.0,0.0,-16640.0,1.0,0.0,16270.0,1.0,0.0
4880,16520.0,1.0,0.0,-17460.0,1.0,0.0,-16540.0,1.0,0.0,16240.0,1.0,0.0
4900,16510.0,1.0,0.0,-17370.0,1.0,0.0,-16550.0,1.0,0.0,16160.0,1.0,0.0
4920,16530.0,1.0,0.0,-17390.0,1.0,0.0,-16590.0,1.0,0.0,16250.0,1.0,0.0
4940,16700.0,1.0,0.0,-17380.0,1.0,0.0,-16560.0,1.0,0.0,16220.0,1.0,0.0
4960,16660.0,1.0,0.0,-17280.0,1.0,0.0,-16550.0,1.0,0.0,16210.0,1.0,0.0
4980,16640.0,1.0,0.0,-17280.0,1.0,0.0,-16580.0,1.0,0.0,16310.0,1.0,0.0
5000,16660.0,1.0,0.0,-17290.0,1.0,0.0,-16600.0,1.0,0.0,16240.0,1.0,0.0
5020,16680.0,1.0,0.0,-17230.0,1.0,0.0,-16690.0,1.0,0.0,16230.0,1.0,0.0
5040,16690.0,1.0,0.0,-17220.0,1.0,0.0,-16650.0,1.0,0.0,16370.0,1.0,0.0
5060,16650.0,1.0,0.0,-17380.0,1.0,0.0,-16670.0,1.0,0.0,16310.0,1.0,0.0
5080,16650.0,1.0,0.0,-17380.0,1.0,0.0,-16600.0,1.0,0.0,16340.0,1.0,0.0
5100,16650.0,1.0,0.0,-17530.0,1.0,0.0,-16690.0,1.0,0.0,16270.0,1.0,0.0
5120,16590.0,1.0,0.0,-17510.0,1.0,0.0,-16740.0,1.0,0.0,16270.0,1.0,0.0
5140,16630.0,1.0,0.0,-17550.0,1.0,0.0,-16740.0,1.0,0.0,16170.0,1.0,0.0
5160,16650.0,1.0,0.0,-17490.0,1.0,0.0,-16760.0,1.0,0.0,16180.0,1.0,0.0
5180,16650.0,1.0,0.0,-17360.0,1.0,0.0,-16800.0,1.0,0.0,16110.0,1.0,0.0
5200,16660.0,1.0,0.0,-17290.0,1.0,0.0,-16800.0,1.0,0.0,16090.0,1.0,0.0
5220,16680.0,1.0,0.0,-17330.0,1.0,0.0,-16690.0,1.0,0.0,16060.0,1.0,0.0
5240,16750.0,1.0,0.0,-17510.0,1.0,0.0,-16790.0,1.0,0.0,16210.0,1.0,0.0
5260,16730.0,1.0,0.0,-17460.0,1.0,0.0,-16800.0,1.0,0.0,16150.0,1.0,0.0
5280,16700.0,1.0,0.0,-17320.0,1.0,0.0,-16720.0,1.0,0.0,16310.0,1.0,0.0
5300,16620.0,1.0,0.0,-17220.0,1.0,0.0,-16690.0,1.0,0.0,16300.0,1.0,0.0
5320,16530.0,1.0,0.0,-17200.0,1.0,0.0,-16650.0,1.0,0.0,16240.0,1.0,0.0
5340,16510.0,1.0,0.0,-17180.0,1.0,0.0,-16600.0,1.0,0.0,16380.0,1.0,0.0
5360,16600.0,1.0,0.0,-17340.0,1.0,0.0,-16540.0,1.0,0.0,16310.0,1.0,0.0
5380,16620.0,1.0,0.0,-17370.0,1.0,0.0,-16570.0,1.0,0.0,16380.0,1.0,0.0
5400,16590.0,1.0,0.0,-17390.0,1.0,0.0,-16720.0,1.0,0.0,16460.0,1.0,0.0
5420,16540.0,1.0,0.0,-17300.0,1.0,0.0,-16740.0,1.0,0.0,16420.0,1.0,0.0
5440,16560.0,1.0,0.0,-17380.0,1.0,0.0,-16570.0,1.0,0.0,16420.0,1.0,0.0
5460,16740.0,1.0,0.0,-17270.0,1.0,0.0,-16610.0,1.0,0.0,16460.0,1.0,0.0
5480,16700.0,1.0,0.0,-17220.0,1.0,0.0,-16560.0,1.0,0.0,16430.0,1.0,0.0
5500,16670.0,1.0,0.0,-17230.0,1.0,0.0,-16650.0,1.0,0.0,16300.0,1.0,0.0
5520,16800.0,1.0,0.0,-17260.0,1.0,0.0,-16540.0,1.0,0.0,16490.0,1.0,0.0
5540,16900.0,1.0,0.0,-17130.0,1.0,0.0,-16520.0,1.0,0.0,16480.0,1.0,0.0
5560,16930.0,1.0,0.0,-17160.0,1.0,0.0,-16540.0,1.0,0.0,16560.0,1.0,0.0
5580,16880.0,1.0,0.0,-17120.0,1.0,0.0,-16590.0,1.0,0.0,16560.0,1.0,0.0
5600,17010.0,1.0,0.0,-17200.0,1.0,0.0,-16680.0,1.0,0.0,16420.0,1.0,0.0
5620,17040.0,1.0,0.0,-17110.0,1.0,0.0,-16650.0,1.0,0.0,16420.0,1.0,0.0
5640,17050.0,1.0,0.0,-17150.0,1.0,0.0,-16680.0,1.0,0.0,16470.0,1.0,0.0
5660,17050.0,1.0,0.0,-17290.0,1.0,0.0,-16580.0,1.0,0.0,16490.0,1.0,0.0
5680,17000.0,1.0,0.0,-17270.0,1.0,0.0,-16740.0,1.0,0.0,16590.0,1.0,0.0
5700,16960.0,1.0,0.0,-17230.0,1.0,0.0,-16820.0,1.0,0.0,16500.0,1.0,0.0
5720,17020.0,1.0,0.0,-17200.0,1.0,0.0,-16700.0,1.0,0.0,16400.0,1.0,0.0
5740,17030.0,1.0,0.0,-17240.0,1.0,0.0,-16890.0,1.0,0.0,16490.0,1.0,0.0
5760,16930.0,1.0,0.0,-17120.0,1.0,0.0,-16870.0,1.0,0.0,16440.0,1.0,0.0
5780,16890.0,1.0,0.0,-17130.0,1.0,0.0,-16780.0,1.0,0.0,16410.0,1.0,0.0
5800,16920.0,1.0,0.0,-17210.0,1.0,0.0,-16740.0,1.0,0.0,16460.0,1.0,0.0
5820,16830.0,1.0,0.0,-17090.0,1.0,0.0,-16680.0,1.0,0.0,16450.0,1.0,0.0
5840,16880.0,1.0,0.0,-17040.0,1.0,0.0,-16690.0,1.0,0.0,16400.0,1.0,0.0
5860,16890.0,1.0,0.0,-16940.0,1.0,0.0,-16730.0,1.0,0.0,16280.0,1.0,0.0
5880,16950.0,1.0,0.0,-17060.0,1.0,0.0,-16730.0,1.0,0.0,16360.0,1.0,0.0
5900,16960.0,1.0,0.0,-17220.0,1.0,0.0,-16920.0,1.0,0.0,16390.0,1.0,0.0
5920,16840.0,1.0,0.0,-17320.0,1.0,0.0,-16690.0,1.0,0.0,16370.0,1.0,0.0
5940,16800.0,1.0,0.0,-17300.0,1.0,0.0,-16660.0,1.0,0.0,16270.0,1.0,0.0
5960,16850.0,1.0,0.0,-17310.0,1.0,0.0,-16660.0,1.0,0.0,16280.0,1.0,0.0
5980,16740.0,1.0,0.0,-17320.0,1.0,0.0,-16620.0,1.0,0.0,16390.0,1.0,0.0
6000,16800.0,1.0,0.0,-17390.0,1.0,0.0,-16660.0,1.0,0.0,16340.0,1.0,0.0
6020,16820.0,1.0,0.0,-17410.0,1.0,0.0,-16760.0,1.0,0.0,16410.0,1.0,0.0
6040,16820.0,1.0,0.0,-17440.0,1.0,0.0,-16700.0,1.0,0.0,16460.0,1.0,0.0
6060,16800.0,1.0,0.0,-17540.0,1.0,0.0,-16690.0,1.0,0.0,16440.0,1.0,0.0
6080,16780.0,1.0,0.0,-17450.0,1.0,0.0,-16590.0,1.0,0.0,16390.0,1.0,0.0
6100,16780.0,1.0,0.0,-17360.0,1.0,0.0,-16620.0,1.0,0.0,16400.0,1.0,0.0
6120,16660.0,1.0,0.0,-17400.0,1.0,0.0,-16570.0,1.0,0.0,16400.0,1.0,0.0
6140,16740.0,1.0,0.0,-17470.0,1.0,0.0,-16660.0,1.0,0.0,16450.0,1.0,0.0
6160,16740.0,1.0,0.0,-17560.0,1.0,0.0,-16660.0,1.0,0.0,16470.0,1.0,0.0
6180,16720.0,1.0,0.0,-17410.0,1.0,0.0,-16610.0,1.0,0.0,16370.0,1.0,0.0
6200,16710.0,1.0,0.0,-17450.0,1.0,0.0,-16580.0,1.0,0.0,16360.0,1.0,0.0
6220,16780.0,1.0,0.0,-17250.0,1.0,0.0,-16650.0,1.0,0.0,16460.0,1.0,0.0
6240,16840.0,1.0,0.0,-17350.0,1.0,0.0,-16800.0,1.0,0.0,16470.0,1.0,0.0
6260,16840.0,1.0,0.0,-17430.0,1.0,0.0,-16810.0,1.0,0.0,16370.0,1.0,0.0
6280,16710.0,1.0,0.0,-17400.0,1.0,0.0,-16710.0,1.0,0.0,16280.0,1.0,0.0
6300,16850.0,1.0,0.0,-17350.0,1.0,0.0,-16790.0,1.0,0.0,16330.0,1.0,0.0
6320,16950.0,1.0,0.0,-17440.0,1.0,0.0,-16750.0,1.0,0.0,16360.0,1.0,0.0
6340,17030.0,1.0,0.0,-17370.0,1.0,0.0,-16710.0,1.0,0.0,16480.0,1.0,0.0
6360,17000.0,1.0,0.0,-17360.0,1.0,0.0,-16600.0,1.0,0.0,16470.0,1.0,0.0
6380,16880.0,1.0,0.0,-17360.0,1.0,0.0,-16540.0,1.0,0.0,16520.0,1.0,0.0
6400,16970.0,1.0,0.0,-17320.0,1.0,0.0,-16580.0,1.0,0.0,16510.0,1.0,0.0
6420,16890.0,1.0,0.0,-17250.0,1.0,0.0,-16570.0,1.0,0.0,16580.0,1.0,0.0
6440,16810.0,1.0,0.0,-17290.0,1.0,0.0,-16610.0,1.0,0.0,16440.0,1.0,0.0
6460,16880.0,1.0,0.0,-17340.0,1.0,0.0,-16490.0,1.0,0.0,16420.0,1.0,0.0
6480,16840.0,1.0,0.0,-17290.0,1.0,0.0,-16530.0,1.0,0.0,16500.0,1.0,0.0
6500,16820.0,1.0,0.0,-17250.0,1.0,0.0,-16530.0,1.0,0.0,16470.0,1.0,0.0
6520,16740.0,1.0,0.0,-17260.0,1.0,0.0,-16600.0,1.0,0.0,16350.0,1.0,0.0
6540,16780.0,1.0,0.0,-17300.0,1.0,0.0,-16550.0,1.0,0.0,16250.0,1.0,0.0
6560,16780.0,1.0,0.0,-17170.0,1.0,0.0,-16480.0,1.0,0.0,16260.0,1.0,0.0
6580,16840.0,1.0,0.0,-17190.0,1.0,0.0,-16530.0,1.0,0.0,16240.0,1.0,0.0
6600,16850.0,1.0,0.0,-17080.0,1.0,0.0,-16580.0,1.0,0.0,16330.0,1.0,0.0
6620,16710.0,1.0,0.0,-17080.0,1.0,0.0,-16680.0,1.0,0.0,16250.0,1.0,0.0
6640,16780.0,1.0,0.0,-17230.0,1.0,0.0,-16640.0,1.0,0.0,16350.0,1.0,0.0
6660,16790.0,1.0,0.0,-17300.0,1.0,0.0,-16670.0,1.0,0.0,16260.0,1.0,0.0
6680,16770.0,1.0,0.0,-17350.0,1.0,0.0,-16730.0,1.0,0.0,16290.0,1.0,0.0
6700,16710.0,1.0,0.0,-17320.0,1.0,0.0,-16730.0,1.0,0.0,16300.0,1.0,0.0
6720,16740.0,1.0,0.0,-17420.0,1.0,0.0,-16760.0,1.0,0.0,16370.0,1.0,0.0
6740,16810.0,1.0,0.0,-17350.0,1.0,0.0,-16740.0,1.0,0.0,16360.0,1.0,0.0
6760,16720.0,1.0,0.0,-17350.0,1.0,0.0,-16670.0,1.0,0.0,16430.0,1.0,0.0
6780,16780.0,1.0,0.0,-17330.0,1.0,0.0,-16680.0,1.0,0.0,16310.0,1.0,0.0
6800,16690.0,1.0,0.0,-17300.0,1.0,0.0,-16700.0,1.0,0.0,16160.0,1.0,0.0
6820,16670.0,1.0,0.0,-17250.0,1.0,0.0,-16580.0,1.0,0.0,16190.0,1.0,0.0
6840,16540.0,1.0,0.0,-17380.0,1.0,0.0,-16710.0,1.0,0.0,16150.0,1.0,0.0
6860,16480.0,1.0,0.0,-17480.0,1.0,0.0,-16720.0,1.0,0.0,16250.0,1.0,0.0
6880,16620.0,1.0,0.0,-17350.0,1.0,0.0,-16680.0,1.0,0.0,16290.0,1.0,0.0
6900,16600.0,1.0,0.0,-17450.0,1.0,0.0,-16690.0,1.0,0.0,16250.0,1.0,0.0
6920,16460.0,1.0,0.0,-17530.0,1.0,0.0,-16880.0,1.0,0.0,16330.0,1.0,0.0
6940,16460.0,1.0,0.0,-17360.0,1.0,0.0,-16780.0,1.0,0.0,16320.0,1.0,0.0
6960,16580.0,1.0,0.0,-17420.0,1.0,0.0,-16790.0,1.0,0.0,16320.0,1.0,0.0
6980,16690.0,1.0,0.0,-17530.0,1.0,0.0,-16780.0,1.0,0.0,16370.0,1.0,0.0
7000,16540.0,1.0,0.0,-17470.0,1.0,0.0,-16780.0,1.0,0.0,16250.0,1.0,0.0
7020,16600.0,1.0,0.0,-17600.0,1.0,0.0,-16770.0,1.0,0.0,16240.0,1.0,0.0
7040,16600.0,1.0,0.0,-17510.0,1.0,0.0,-16820.0,1.0,0.0,16180.0,1.0,0.0
7060,16560.0,1.0,0.0,-17450.0,1.0,0.0,-16780.0,1.0,0.0,16220.0,1.0,0.0
7080,16580.0,1.0,0.0,-17340.0,1.0,0.0,-16790.0,1.0,0.0,16300.0,1.0,0.0
7100,16670.0,1.0,0.0,-17230.0,1.0,0.0,-16720.0,1.0,0.0,16250.0,1.0,0.0
7120,16710.0,1.0,0.0,-17360.0,1.0,0.0,-16810.0,1.0,0.0,16210.0,1.0,0.0
7140,16680.0,1.0,0.0,-17320.0,1.0,0.0,-16850.0,1.0,0.0,16210.0,1.0,0.0
7160,16720.0,1.0,0.0,-17330.0,1.0,0.0,-16790.0,1.0,0.0,16300.0,1.0,0.0
7180,16750.0,1.0,0.0,-17280.0,1.0,0.0,-16790.0,1.0,0.0,16340.0,1.0,0.0
7200,16820.0,1.0,0.0,-17390.0,1.0,0.0,-16740.0,1.0,0.0,16380.0,1.0,0.0
7220,16830.0,1.0,0.0,-17440.0,1.0,0.0,-16860.0,1.0,0.0,16310.0,1.0,0.0
7240,16810.0,1.0,0.0,-17450.0,1.0,0.0,-16840.0,1.0,0.0,16190.0,1.0,0.0
7260,16860.0,1.0,0.0,-17340.0,1.0,0.0,-16880.0,1.0,0.0,16040.0,1.0,0.0
7280,16870.0,1.0,0.0,-17510.0,1.0,0.0,-16890.0,1.0,0.0,16040.0,1.0,0.0
7300,16790.0,1.0,0.0,-17560.0,1.0,0.0,-16770.0,1.0,0.0,16160.0,1.0,0.0
7320,16830.0,1.0,0.0,-17590.0,1.0,0.0,-16690.0,1.0,0.0,16240.0,1.0,0.0
7340,16720.0,1.0,0.0,-17430.0,1.0,0.0,-16740.0,1.0,0.0,16190.0,1.0,0.0
7360,16650.0,1.0,0.0,-17460.0,1.0,0.0,-16610.0,1.0,0.0,16140.0,1.0,0.0
7380,16660.0,1.0,0.0,-17350.0,1.0,0.0,-16740.0,1.0,0.0,15970.0,1.0,0.0
