time,c1,q1,axis1_deg
5000,2000.0,1.0,0.0
5020,1960.0,1.0,0.0
5040,2000.0,1.0,0.0
5060,1990.0,1.0,0.0
5080,2000.0,1.0,0.0
5100,2000.0,1.0,0.0
5120,2010.0,1.0,0.0
5140,1980.0,1.0,0.0
5160,1980.0,1.0,0.0
5180,1980.0,1.0,0.0
5200,1970.0,1.0,0.0
5220,1990.0,1.0,0.0
5240,2010.0,1.0,0.0
5260,1990.0,1.0,0.0
5280,2020.0,1.0,0.0
5300,1980.0,1.0,0.0
5320,1980.0,1.0,0.0
5340,2000.0,1.0,0.0
5360,2000.0,1.0,0.0
5380,1970.0,1.0,0.0
5400,2020.0,1.0,0.0
5420,1990.0,1.0,0.0
5440,1980.0,1.0,0.0
5460,2000.0,1.0,0.0
5480,2000.0,1.0,0.0
5500,1980.0,1.0,0.0
5520,2010.0,1.0,0.0
5540,1970.0,1.0,0.0
5560,1970.0,1.0,0.0
5580,2000.0,1.0,0.0
5600,2000.0,1.0,0.0
5620,1980.0,1.0,0.0
5640,1990.0,1.0,0.0
5660,2010.0,1.0,0.0
5680,1990.0,1.0,0.0
5700,1980.0,1.0,0.0
5720,2000.0,1.0,0.0
5740,2010.0,1.0,0.0
5760,1960.0,1.0,0.0
5780,2000.0,1.0,0.0
5800,1980.0,1.0,0.0
5820,1990.0,1.0,0.0
5840,2010.0,1.0,0.0
5860,2000.0,1.0,0.0
5880,2010.0,1.0,0.0
5900,2020.0,1.0,0.0
5920,1950.0,1.0,0.0
5940,1990.0,1.0,0.0
5960,2030.0,1.0,0.0
5980,2030.0,1.0,0.0
6000,1990.0,1.0,0.0
6020,2010.0,1.0,0.0
6040,2000.0,1.0,0.0
6060,2000.0,1.0,0.0
6080,2020.0,1.0,0.0
6100,2000.0,1.0,0.0
6120,2000.0,1.0,0.0
6140,1970.0,1.0,0.0
6160,1970.0,1.0,0.0
6180,1990.0,1.0,0.0
6200,2010.0,1.0,0.0
6220,2020.0,1.0,0.0
6240,2000.0,1.0,0.0
6260,2000.0,1.0,0.0
6280,1980.0,1.0,0.0
6300,2000.0,1.0,0.0
6320,1990.0,1.0,0.0
6340,1980.0,1.0,0.0
6360,2010.0,1.0,0.0
6380,2020.0,1.0,0.0
6400,1990.0,1.0,0.0
6420,2000.0,1.0,0.0
6440,2010.0,1.0,0.0
6460,2000.0,1.0,0.0
6480,2000.0,1.0,0.0
6500,1990.0,1.0,0.0
6520,1990.0,1.0,0.0
6540,2000.0,1.0,0.0
6560,2000.0,1.0,0.0
6580,2000.0,1.0,0.0
6600,2020.0,1.0,0.0
6620,2010.0,1.0,0.0
6640,2050.0,1.0,0.0
6660,2040.0,1.0,0.0
6680,2000.0,1.0,0.0
6700,1970.0,1.0,0.0
6720,2030.0,1.0,0.0
6740,2020.0,1.0,0.0
6760,1990.0,1.0,0.0
6780,2010.0,1.0,0.0
6800,2000.0,1.0,0.0
6820,2010.0,1.0,0.0
6840,2020.0,1.0,0.0
6860,2020.0,1.0,0.0
6880,1980.0,1.0,0.0
6900,2030.0,1.0,0.0
6920,2020.0,1.0,0.0
6940,2010.0,1.0,0.0
6960,1990.0,1.0,0.0
6980,1990.0,1.0,0.0
7000,2000.0,1.0,0.0
7020,2000.0,1.0,0.0
7040,1990.0,1.0,0.0
7060,1990.0,1.0,0.0
7080,2010.0,1.0,0.0
7100,1990.0,1.0,0.0
7120,2010.0,1.0,0.0
7140,2000.0,1.0,0.0
7160,2020.0,1.0,0.0
7180,1980.0,1.0,0.0
7200,2050.0,1.0,0.0
7220,2000.0,1.0,0.0
7240,1980.0,1.0,0.0
7260,1990.0,1.0,0.0
7280,1990.0,1.0,0.0
7300,1970.0,1.0,0.0
7320,2040.0,1.0,0.0
7340,2000.0,1.0,0.0
7360,2000.0,1.0,0.0
7380,1990.0,1.0,0.0
7400,2010.0,1.0,0.0
7420,2010.0,1.0,0.0
7440,1990.0,1.0,0.0
7460,2000.0,1.0,0.0
7480,2000.0,1.0,0.0
7500,1990.0,1.0,0.0
7520,2020.0,1.0,0.0
7540,2020.0,1.0,0.0
7560,2010.0,1.0,0.0
7580,2030.0,1.0,0.0
7600,1980.0,1.0,0.0
7620,2020.0,1.0,0.0
7640,2000.0,1.0,0.0
7660,1980.0,1.0,0.0
7680,1980.0,1.0,0.0
7700,2000.0,1.0,0.0
7720,2020.0,1.0,0.0
7740,1980.0,1.0,0.0
7760,2010.0,1.0,0.0
7780,1980.0,1.0,0.0
7800,2000.0,1.0,0.0
7820,2030.0,1.0,0.0
7840,2010.0,1.0,0.0
7860,1980.0,1.0,0.0
7880,1990.0,1.0,0.0
7900,1970.0,1.0,0.0
7920,1990.0,1.0,0.0
7940,2010.0,1.0,0.0
7960,2010.0,1.0,0.0
7980,1950.0,1.0,0.0
8000,2020.0,1.0,0.0
8020,1970.0,1.0,0.0
8040,1980.0,1.0,0.0
8060,2000.0,1.0,0.0
8080,1990.0,1.0,0.0
8100,1980.0,1.0,0.0
8120,2010.0,1.0,0.0
8140,1970.0,1.0,0.0
8160,1980.0,1.0,0.0
8180,2000.0,1.0,0.0
8200,1980.0,1.0,0.0
8220,2000.0,1.0,0.0
8240,2000.0,1.0,0.0
8260,1950.0,1.0,0.0
8280,1980.0,1.0,0.0
8300,2010.0,1.0,0.0
8320,1980.0,1.0,0.0
8340,2010.0,1.0,0.0
8360,2020.0,1.0,0.0
8380,1970.0,1.0,0.0
8400,2000.0,1.0,0.0
8420,1970.0,1.0,0.0
8440,1990.0,1.0,0.0
8460,1990.0,1.0,0.0
8480,2000.0,1.0,0.0
8500,2000.0,1.0,0.0
8520,1980.0,1.0,0.0
8540,2010.0,1.0,0.0
8560,1980.0,1.0,0.0
8580,2000.0,1.0,0.0
8600,2000.0,1.0,0.0
8620,1990.0,1.0,0.0
8640,1980.0,1.0,0.0
8660,2010.0,1.0,0.0
8680,1990.0,1.0,0.0
8700,1980.0,1.0,0.0
8720,1980.0,1.0,0.0
8740,1960.0,1.0,0.0
8760,2000.0,1.0,0.0
8780,2020.0,1.0,0.0
8800,1970.0,1.0,0.0
8820,2030.0,1.0,0.0
8840,2000.0,1.0,0.0
8860,1980.0,1.0,0.0
8880,1990.0,1.0,0.0
8900,2020.0,1.0,0.0
8920,1980.0,1.0,0.0
8940,2010.0,1.0,0.0
8960,2010.0,1.0,0.0
8980,1990.0,1.0,0.0
9000,1990.0,1.0,0.0
9020,2010.0,1.0,0.0
9040,1990.0,1.0,0.0
9060,1990.0,1.0,0.0
9080,1990.0,1.0,0.0
9100,1950.0,1.0,0.0
9120,1990.0,1.0,0.0
9140,2000.0,1.0,0.0
9160,2000.0,1.0,0.0
9180,2000.0,1.0,0.0
9200,1990.0,1.0,0.0
9220,1990.0,1.0,0.0
9240,2020.0,1.0,0.0
9260,1980.0,1.0,0.0
9280,2010.0,1.0,0.0
9300,2100.0,1.0,0.0
9320,2090.0,1.0,0.0
9340,2100.0,1.0,0.0
9360,2160.0,1.0,0.0
9380,2190.0,1.0,0.0
9400,2270.0,1.0,0.0
9420,2420.0,1.0,0.0
9440,2520.0,1.0,0.0
9460,2650.0,1.0,0.0
9480,2670.0,1.0,0.0
9500,2790.0,1.0,0.0
9520,2900.0,1.0,0.0
9540,2990.0,1.0,0.0
9560,3040.0,1.0,0.0
9580,3080.0,1.0,0.0
9600,3160.0,1.0,0.0
9620,3260.0,1.0,0.0
9640,3290.0,1.0,0.0
9660,3380.0,1.0,0.0
9680,3360.0,1.0,0.0
9700,3440.0,1.0,0.0
9720,3530.0,1.0,0.0
9740,3500.0,1.0,0.0
9760,3460.0,1.0,0.0
9780,3540.0,1.0,0.0
9800,3570.0,1.0,0.0
9820,3570.0,1.0,0.0
9840,3590.0,1.0,0.0
9860,3600.0,1.0,0.0
9880,3590.0,1.0,0.0
9900,3570.0,1.0,0.0
9920,3650.0,1.0,0.0
9940,3630.0,1.0,0.0
9960,3650.0,1.0,0.0
9980,3630.0,1.0,0.0
10000,3650.0,1.0,0.0
10020,3660.0,1.0,0.0
10040,3630.0,1.0,0.0
10060,3700.0,1.0,0.0
10080,3640.0,1.0,0.0
10100,3650.0,1.0,0.0
10120,3670.0,1.0,0.0
10140,3640.0,1.0,0.0
10160,3660.0,1.0,0.0
10180,3690.0,1.0,0.0
10200,3690.0,1.0,0.0
10220,3670.0,1.0,0.0
10240,3640.0,1.0,0.0
10260,3650.0,1.0,0.0
10280,3680.0,1.0,0.0
10300,3690.0,1.0,0.0
10320,3690.0,1.0,0.0
10340,3650.0,1.0,0.0
10360,3640.0,1.0,0.0
10380,3670.0,1.0,0.0
10400,3700.0,1.0,0.0
10420,3650.0,1.0,0.0
10440,3640.0,1.0,0.0
10460,3660.0,1.0,0.0
10480,3660.0,1.0,0.0
10500,3630.0,1.0,0.0
10520,3660.0,1.0,0.0
10540,3680.0,1.0,0.0
10560,3680.0,1.0,0.0
10580,3710.0,1.0,0.0
10600,3660.0,1.0,0.0
10620,3690.0,1.0,0.0
10640,3670.0,1.0,0.0
10660,3690.0,1.0,0.0
10680,3660.0,1.0,0.0
10700,3680.0,1.0,0.0
10720,3680.0,1.0,0.0
10740,3660.0,1.0,0.0
10760,3700.0,1.0,0.0
10780,3690.0,1.0,0.0
10800,3710.0,1.0,0.0
10820,3690.0,1.0,0.0
10840,3670.0,1.0,0.0
10860,3660.0,1.0,0.0
10880,3700.0,1.0,0.0
10900,3660.0,1.0,0.0
10920,3690.0,1.0,0.0
10940,3680.0,1.0,0.0
10960,3670.0,1.0,0.0
10980,3640.0,1.0,0.0
11000,3650.0,1.0,0.0
11020,3640.0,1.0,0.0
11040,3670.0,1.0,0.0
11060,3670.0,1.0,0.0
11080,3670.0,1.0,0.0
11100,3620.0,1.0,0.0
11120,3700.0,1.0,0.0
11140,3680.0,1.0,0.0
11160,3640.0,1.0,0.0
11180,3650.0,1.0,0.0
11200,3670.0,1.0,0.0
11220,3650.0,1.0,0.0
11240,3630.0,1.0,0.0
11260,3680.0,1.0,0.0
11280,3670.0,1.0,0.0
11300,3620.0,1.0,0.0
11320,3650.0,1.0,0.0
11340,3680.0,1.0,0.0
11360,3680.0,1.0,0.0
11380,3610.0,1.0,0.0
11400,3610.0,1.0,0.0
11420,3650.0,1.0,0.0
11440,3680.0,1.0,0.0
11460,3650.0,1.0,0.0
11480,3660.0,1.0,0.0
11500,3650.0,1.0,0.0
11520,3600.0,1.0,0.0
11540,3640.0,1.0,0.0
11560,3670.0,1.0,0.0
11580,3710.0,1.0,0.0
11600,3680.0,1.0,0.0
11620,3620.0,1.0,0.0
11640,3670.0,1.0,0.0
11660,3650.0,1.0,0.0
11680,3630.0,1.0,0.0
11700,3610.0,1.0,0.0
11720,3660.0,1.0,0.0
11740,3630.0,1.0,0.0
11760,3680.0,1.0,0.0
11780,3670.0,1.0,0.0
11800,3680.0,1.0,0.0
11820,3650.0,1.0,0.0
11840,3630.0,1.0,0.0
11860,3620.0,1.0,0.0
11880,3660.0,1.0,0.0
11900,3650.0,1.0,0.0
11920,3620.0,1.0,0.0
11940,3650.0,1.0,0.0
11960,3670.0,1.0,0.0
11980,3650.0,1.0,0.0
12000,3640.0,1.0,0.0
12020,3630.0,1.0,0.0
12040,3650.0,1.0,0.0
12060,3670.0,1.0,0.0
12080,3650.0,1.0,0.0
12100,3700.0,1.0,0.0
12120,3640.0,1.0,0.0
12140,3660.0,1.0,0.0
12160,3670.0,1.0,0.0
12180,3630.0,1.0,0.0
12200,3650.0,1.0,0.0
12220,3680.0,1.0,0.0
12240,3660.0,1.0,0.0
12260,3660.0,1.0,0.0
12280,3630.0,1.0,0.0
12300,3680.0,1.0,0.0
12320,3690.0,1.0,0.0
12340,3640.0,1.0,0.0
12360,3650.0,1.0,0.0
12380,3660.0,1.0,0.0
12400,3620.0,1.0,0.0
12420,3650.0,1.0,0.0
12440,3700.0,1.0,0.0
12460,3660.0,1.0,0.0
12480,3650.0,1.0,0.0
12500,3710.0,1.0,0.0
12520,3640.0,1.0,0.0
12540,3620.0,1.0,0.0
12560,3680.0,1.0,0.0
12580,3600.0,1.0,0.0
12600,3700.0,1.0,0.0
12620,3680.0,1.0,0.0
12640,3610.0,1.0,0.0
12660,3740.0,1.0,0.0
12680,3660.0,1.0,0.0
12700,3700.0,1.0,0.0
12720,3650.0,1.0,0.0
12740,3670.0,1.0,0.0
12760,3670.0,1.0,0.0
12780,3670.0,1.0,0.0
12800,3670.0,1.0,0.0
12820,3660.0,1.0,0.0
12840,3660.0,1.0,0.0
12860,3680.0,1.0,0.0
12880,3690.0,1.0,0.0
12900,3650.0,1.0,0.0
12920,3650.0,1.0,0.0
12940,3650.0,1.0,0.0
12960,3650.0,1.0,0.0
12980,3670.0,1.0,0.0
13000,3630.0,1.0,0.0
13020,3640.0,1.0,0.0
13040,3610.0,1.0,0.0
13060,3660.0,1.0,0.0
13080,3690.0,1.0,0.0
13100,3690.0,1.0,0.0
13120,3670.0,1.0,0.0
13140,3690.0,1.0,0.0
13160,3620.0,1.0,0.0
13180,3640.0,1.0,0.0
13200,3640.0,1.0,0.0
13220,3670.0,1.0,0.0
13240,3650.0,1.0,0.0
13260,3690.0,1.0,0.0
13280,3660.0,1.0,0.0
13300,3650.0,1.0,0.0
13320,3640.0,1.0,0.0
13340,3610.0,1.0,0.0
13360,3700.0,1.0,0.0
13380,3640.0,1.0,0.0
13400,3670.0,1.0,0.0
13420,3680.0,1.0,0.0
13440,3730.0,1.0,0.0
13460,3660.0,1.0,0.0
13480,3680.0,1.0,0.0
13500,3660.0,1.0,0.0
13520,3660.0,1.0,0.0
13540,3680.0,1.0,0.0
13560,3650.0,1.0,0.0
13580,3620.0,1.0,0.0
13600,3680.0,1.0,0.0
13620,3620.0,1.0,0.0
13640,3640.0,1.0,0.0
13660,3630.0,1.0,0.0
13680,3710.0,1.0,0.0
13700,3640.0,1.0,0.0
13720,3650.0,1.0,0.0
13740,3640.0,1.0,0.0
13760,3680.0,1.0,0.0
13780,3660.0,1.0,0.0
13800,3650.0,1.0,0.0
13820,3680.0,1.0,0.0
13840,3620.0,1.0,0.0
13860,3670.0,1.0,0.0
13880,3670.0,1.0,0.0
13900,3600.0,1.0,0.0
13920,3610.0,1.0,0.0
13940,3650.0,1.0,0.0
13960,3600.0,1.0,0.0
13980,3650.0,1.0,0.0
14000,3640.0,1.0,0.0
14020,3630.0,1.0,0.0
14040,3650.0,1.0,0.0
14060,3680.0,1.0,0.0
14080,3620.0,1.0,0.0
14100,3660.0,1.0,0.0
14120,3640.0,1.0,0.0
14140,3680.0,1.0,0.0
14160,3640.0,1.0,0.0
14180,3660.0,1.0,0.0
14200,3670.0,1.0,0.0
14220,3700.0,1.0,0.0
14240,3700.0,1.0,0.0
14260,3630.0,1.0,0.0
14280,3710.0,1.0,0.0
14300,3700.0,1.0,0.0
14320,3700.0,1.0,0.0
14340,3800.0,1.0,0.0
14360,3780.0,1.0,0.0
14380,3850.0,1.0,0.0
14400,3830.0,1.0,0.0
14420,3890.0,1.0,0.0
14440,3970.0,1.0,0.0
14460,3950.0,1.0,0.0
14480,3950.0,1.0,0.0
14500,3960.0,1.0,0.0
14520,4020.0,1.0,0.0
14540,4060.0,1.0,0.0
14560,4050.0,1.0,0.0
14580,4100.0,1.0,0.0
14600,4060.0,1.0,0.0
14620,4070.0,1.0,0.0
14640,4210.0,1.0,0.0
14660,4200.0,1.0,0.0
14680,4230.0,1.0,0.0
14700,4250.0,1.0,0.0
14720,4280.0,1.0,0.0
14740,4280.0,1.0,0.0
14760,4280.0,1.0,0.0
14780,4370.0,1.0,0.0
14800,4370.0,1.0,0.0
14820,4420.0,1.0,0.0
14840,4400.0,1.0,0.0
14860,4480.0,1.0,0.0
14880,4470.0,1.0,0.0
14900,4460.0,1.0,0.0
14920,4500.0,1.0,0.0
14940,4510.0,1.0,0.0
14960,4460.0,1.0,0.0
14980,4500.0,1.0,0.0
15000,4500.0,1.0,0.0
15020,4510.0,1.0,0.0
15040,4520.0,1.0,0.0
15060,4530.0,1.0,0.0
15080,4520.0,1.0,0.0
15100,4560.0,1.0,0.0
15120,4510.0,1.0,0.0
15140,4550.0,1.0,0.0
15160,4510.0,1.0,0.0
15180,4530.0,1.0,0.0
15200,4520.0,1.0,0.0
15220,4500.0,1.0,0.0
15240,4470.0,1.0,0.0
15260,4530.0,1.0,0.0
15280,4510.0,1.0,0.0
15300,4560.0,1.0,0.0
15320,4520.0,1.0,0.0
15340,4540.0,1.0,0.0
15360,4560.0,1.0,0.0
15380,4520.0,1.0,0.0
15400,4470.0,1.0,0.0
15420,4570.0,1.0,0.0
15440,4540.0,1.0,0.0
15460,4550.0,1.0,0.0
15480,4540.0,1.0,0.0
15500,4530.0,1.0,0.0
15520,4470.0,1.0,0.0
15540,4570.0,1.0,0.0
15560,4550.0,1.0,0.0
15580,4530.0,1.0,0.0
15600,4540.0,1.0,0.0
15620,4520.0,1.0,0.0
15640,4500.0,1.0,0.0
15660,4490.0,1.0,0.0
15680,4550.0,1.0,0.0
15700,4520.0,1.0,0.0
15720,4570.0,1.0,0.0
15740,4520.0,1.0,0.0
15760,4520.0,1.0,0.0
15780,4520.0,1.0,0.0
15800,4560.0,1.0,0.0
15820,4520.0,1.0,0.0
15840,4600.0,1.0,0.0
15860,4510.0,1.0,0.0
15880,4570.0,1.0,0.0
15900,4460.0,1.0,0.0
15920,4610.0,1.0,0.0
15940,4520.0,1.0,0.0
15960,4490.0,1.0,0.0
15980,4540.0,1.0,0.0
16000,4510.0,1.0,0.0
16020,4480.0,1.0,0.0
16040,4500.0,1.0,0.0
16060,4550.0,1.0,0.0
16080,4570.0,1.0,0.0
16100,4520.0,1.0,0.0
16120,4550.0,1.0,0.0
16140,4510.0,1.0,0.0
16160,4520.0,1.0,0.0
16180,4510.0,1.0,0.0
16200,4480.0,1.0,0.0
16220,4510.0,1.0,0.0
16240,4530.0,1.0,0.0
16260,4580.0,1.0,0.0
16280,4530.0,1.0,0.0
16300,4570.0,1.0,0.0
16320,4500.0,1.0,0.0
16340,4540.0,1.0,0.0
16360,4500.0,1.0,0.0
16380,4470.0,1.0,0.0
16400,4470.0,1.0,0.0
16420,4560.0,1.0,0.0
16440,4520.0,1.0,0.0
16460,4540.0,1.0,0.0
16480,4520.0,1.0,0.0
16500,4640.0,1.0,0.0
16520,4540.0,1.0,0.0
16540,4500.0,1.0,0.0
16560,4510.0,1.0,0.0
16580,4510.0,1.0,0.0
16600,4500.0,1.0,0.0
16620,4510.0,1.0,0.0
16640,4500.0,1.0,0.0
16660,4490.0,1.0,0.0
16680,4600.0,1.0,0.0
16700,4490.0,1.0,0.0
16720,4520.0,1.0,0.0
16740,4540.0,1.0,0.0
16760,4570.0,1.0,0.0
16780,4540.0,1.0,0.0
16800,4520.0,1.0,0.0
16820,4540.0,1.0,0.0
16840,4500.0,1.0,0.0
16860,4570.0,1.0,0.0
16880,4540.0,1.0,0.0
16900,4530.0,1.0,0.0
16920,4560.0,1.0,0.0
16940,4540.0,1.0,0.0
16960,4560.0,1.0,0.0
16980,4550.0,1.0,0.0
17000,4530.0,1.0,0.0
17020,4560.0,1.0,0.0
17040,4520.0,1.0,0.0
17060,4550.0,1.0,0.0
17080,4510.0,1.0,0.0
17100,4540.0,1.0,0.0
17120,4530.0,1.0,0.0
17140,4570.0,1.0,0.0
17160,4520.0,1.0,0.0
17180,4520.0,1.0,0.0
17200,4530.0,1.0,0.0
17220,4530.0,1.0,0.0
17240,4550.0,1.0,0.0
17260,4550.0,1.0,0.0
17280,4520.0,1.0,0.0
17300,4590.0,1.0,0.0
17320,4540.0,1.0,0.0
17340,4550.0,1.0,0.0
17360,4510.0,1.0,0.0
17380,4570.0,1.0,0.0
17400,4520.0,1.0,0.0
17420,4510.0,1.0,0.0
17440,4560.0,1.0,0.0
17460,4510.0,1.0,0.0
17480,4510.0,1.0,0.0
17500,4530.0,1.0,0.0
17520,4530.0,1.0,0.0
17540,4510.0,1.0,0.0
17560,4560.0,1.0,0.0
17580,4510.0,1.0,0.0
17600,4510.0,1.0,0.0
17620,4520.0,1.0,0.0
17640,4540.0,1.0,0.0
17660,4520.0,1.0,0.0
17680,4470.0,1.0,0.0
17700,4500.0,1.0,0.0
17720,4590.0,1.0,0.0
17740,4570.0,1.0,0.0
17760,4500.0,1.0,0.0
17780,4510.0,1.0,0.0
17800,4570.0,1.0,0.0
17820,4520.0,1.0,0.0
17840,4520.0,1.0,0.0
17860,4570.0,1.0,0.0
17880,4560.0,1.0,0.0
17900,4520.0,1.0,0.0
17920,4510.0,1.0,0.0
17940,4560.0,1.0,0.0
17960,4510.0,1.0,0.0
17980,4520.0,1.0,0.0
18000,4500.0,1.0,0.0
18020,4530.0,1.0,0.0
18040,4500.0,1.0,0.0
18060,4490.0,1.0,0.0
18080,4550.0,1.0,0.0
18100,4460.0,1.0,0.0
18120,4550.0,1.0,0.0
18140,4520.0,1.0,0.0
18160,4530.0,1.0,0.0
18180,4520.0,1.0,0.0
18200,4510.0,1.0,0.0
18220,4550.0,1.0,0.0
18240,4490.0,1.0,0.0
18260,4570.0,1.0,0.0
18280,4500.0,1.0,0.0
18300,4520.0,1.0,0.0
18320,4520.0,1.0,0.0
18340,4580.0,1.0,0.0
18360,4530.0,1.0,0.0
18380,4550.0,1.0,0.0
18400,4490.0,1.0,0.0
18420,4520.0,1.0,0.0
18440,4540.0,1.0,0.0
18460,4520.0,1.0,0.0
18480,4520.0,1.0,0.0
18500,4480.0,1.0,0.0
18520,4490.0,1.0,0.0
18540,4590.0,1.0,0.0
18560,4530.0,1.0,0.0
18580,4550.0,1.0,0.0
18600,4520.0,1.0,0.0
18620,4520.0,1.0,0.0
18640,4540.0,1.0,0.0
18660,4550.0,1.0,0.0
18680,4550.0,1.0,0.0
18700,4540.0,1.0,0.0
18720,4510.0,1.0,0.0
18740,4570.0,1.0,0.0
18760,4540.0,1.0,0.0
18780,4520.0,1.0,0.0
18800,4520.0,1.0,0.0
18820,4540.0,1.0,0.0
18840,4620.0,1.0,0.0
18860,4540.0,1.0,0.0
18880,4510.0,1.0,0.0
18900,4540.0,1.0,0.0
18920,4560.0,1.0,0.0
18940,4570.0,1.0,0.0
18960,4550.0,1.0,0.0
18980,4500.0,1.0,0.0
19000,4540.0,1.0,0.0
19020,4570.0,1.0,0.0
19040,4510.0,1.0,0.0
19060,4530.0,1.0,0.0
19080,4550.0,1.0,0.0
19100,4550.0,1.0,0.0
19120,4650.0,1.0,0.0
19140,4560.0,1.0,0.0
19160,4620.0,1.0,0.0
19180,4570.0,1.0,0.0
19200,4650.0,1.0,0.0
19220,4640.0,1.0,0.0
19240,4690.0,1.0,0.0
19260,4670.0,1.0,0.0
19280,4750.0,1.0,0.0
19300,4780.0,1.0,0.0
19320,4770.0,1.0,0.0
19340,4880.0,1.0,0.0
19360,4810.0,1.0,0.0
19380,4860.0,1.0,0.0
19400,4910.0,1.0,0.0
19420,4970.0,1.0,0.0
19440,4920.0,1.0,0.0
19460,5040.0,1.0,0.0
19480,5060.0,1.0,0.0
19500,5090.0,1.0,0.0
19520,5060.0,1.0,0.0
19540,5080.0,1.0,0.0
19560,5070.0,1.0,0.0
19580,5040.0,1.0,0.0
19600,5110.0,1.0,0.0
19620,5170.0,1.0,0.0
19640,5160.0,1.0,0.0
19660,5230.0,1.0,0.0
19680,5260.0,1.0,0.0
19700,5270.0,1.0,0.0
19720,5290.0,1.0,0.0
19740,5320.0,1.0,0.0
19760,5380.0,1.0,0.0
19780,5450.0,1.0,0.0
19800,5460.0,1.0,0.0
19820,5530.0,1.0,0.0
19840,5510.0,1.0,0.0
19860,5570.0,1.0,0.0
19880,5540.0,1.0,0.0
19900,5570.0,1.0,0.0
19920,5520.0,1.0,0.0
19940,5530.0,1.0,0.0
19960,5560.0,1.0,0.0
19980,5560.0,1.0,0.0
20000,5540.0,1.0,0.0
20020,5580.0,1.0,0.0
20040,5520.0,1.0,0.0
20060,5570.0,1.0,0.0
20080,5490.0,1.0,0.0
20100,5570.0,1.0,0.0
20120,5570.0,1.0,0.0
20140,5520.0,1.0,0.0
20160,5500.0,1.0,0.0
20180,5460.0,1.0,0.0
20200,5460.0,1.0,0.0
20220,5490.0,1.0,0.0
20240,5450.0,1.0,0.0
20260,5490.0,1.0,0.0
20280,5490.0,1.0,0.0
20300,5500.0,1.0,0.0
20320,5460.0,1.0,0.0
20340,5450.0,1.0,0.0
20360,5560.0,1.0,0.0
20380,5500.0,1.0,0.0
20400,5530.0,1.0,0.0
20420,5490.0,1.0,0.0
20440,5510.0,1.0,0.0
20460,5460.0,1.0,0.0
20480,5490.0,1.0,0.0
20500,5520.0,1.0,0.0
20520,5470.0,1.0,0.0
20540,5450.0,1.0,0.0
20560,5490.0,1.0,0.0
20580,5500.0,1.0,0.0
20600,5460.0,1.0,0.0
20620,5490.0,1.0,0.0
20640,5570.0,1.0,0.0
20660,5430.0,1.0,0.0
20680,5430.0,1.0,0.0
20700,5500.0,1.0,0.0
20720,5490.0,1.0,0.0
20740,5470.0,1.0,0.0
20760,5480.0,1.0,0.0
20780,5460.0,1.0,0.0
20800,5450.0,1.0,0.0
20820,5440.0,1.0,0.0
20840,5430.0,1.0,0.0
20860,5410.0,1.0,0.0
20880,5450.0,1.0,0.0
20900,5480.0,1.0,0.0
20920,5430.0,1.0,0.0
20940,5470.0,1.0,0.0
20960,5490.0,1.0,0.0
20980,5480.0,1.0,0.0
21000,5460.0,1.0,0.0
21020,5450.0,1.0,0.0
21040,5420.0,1.0,0.0
21060,5480.0,1.0,0.0
21080,5500.0,1.0,0.0
21100,5440.0,1.0,0.0
21120,5440.0,1.0,0.0
21140,5450.0,1.0,0.0
21160,5440.0,1.0,0.0
21180,5480.0,1.0,0.0
21200,5520.0,1.0,0.0
21220,5470.0,1.0,0.0
21240,5480.0,1.0,0.0
21260,5500.0,1.0,0.0
21280,5410.0,1.0,0.0
21300,5510.0,1.0,0.0
21320,5510.0,1.0,0.0
21340,5430.0,1.0,0.0
21360,5540.0,1.0,0.0
21380,5510.0,1.0,0.0
21400,5500.0,1.0,0.0
21420,5480.0,1.0,0.0
21440,5530.0,1.0,0.0
21460,5480.0,1.0,0.0
21480,5510.0,1.0,0.0
21500,5540.0,1.0,0.0
21520,5460.0,1.0,0.0
21540,5470.0,1.0,0.0
21560,5470.0,1.0,0.0
21580,5540.0,1.0,0.0
21600,5460.0,1.0,0.0
21620,5400.0,1.0,0.0
21640,5480.0,1.0,0.0
21660,5480.0,1.0,0.0
21680,5450.0,1.0,0.0
21700,5530.0,1.0,0.0
21720,5430.0,1.0,0.0
21740,5390.0,1.0,0.0
21760,5510.0,1.0,0.0
21780,5450.0,1.0,0.0
21800,5400.0,1.0,0.0
21820,5440.0,1.0,0.0
21840,5440.0,1.0,0.0
21860,5430.0,1.0,0.0
21880,5460.0,1.0,0.0
21900,5450.0,1.0,0.0
21920,5470.0,1.0,0.0
21940,5480.0,1.0,0.0
21960,5500.0,1.0,0.0
21980,5470.0,1.0,0.0
22000,5450.0,1.0,0.0
22020,5460.0,1.0,0.0
22040,5410.0,1.0,0.0
22060,5490.0,1.0,0.0
22080,5410.0,1.0,0.0
22100,5440.0,1.0,0.0
22120,5480.0,1.0,0.0
22140,5490.0,1.0,0.0
22160,5510.0,1.0,0.0
22180,5450.0,1.0,0.0
22200,5440.0,1.0,0.0
22220,5400.0,1.0,0.0
22240,5430.0,1.0,0.0
22260,5370.0,1.0,0.0
22280,5450.0,1.0,0.0
22300,5420.0,1.0,0.0
22320,5510.0,1.0,0.0
22340,5460.0,1.0,0.0
22360,5510.0,1.0,0.0
22380,5490.0,1.0,0.0
22400,5460.0,1.0,0.0
22420,5480.0,1.0,0.0
22440,5430.0,1.0,0.0
22460,5530.0,1.0,0.0
22480,5440.0,1.0,0.0
22500,5470.0,1.0,0.0
22520,5450.0,1.0,0.0
22540,5430.0,1.0,0.0
22560,5460.0,1.0,0.0
22580,5450.0,1.0,0.0
22600,5470.0,1.0,0.0
22620,5470.0,1.0,0.0
22640,5460.0,1.0,0.0
22660,5430.0,1.0,0.0
22680,5420.0,1.0,0.0
22700,5490.0,1.0,0.0
22720,5480.0,1.0,0.0
22740,5520.0,1.0,0.0
22760,5500.0,1.0,0.0
22780,5470.0,1.0,0.0
22800,5470.0,1.0,0.0
22820,5510.0,1.0,0.0
22840,5540.0,1.0,0.0
22860,5450.0,1.0,0.0
22880,5430.0,1.0,0.0
22900,5450.0,1.0,0.0
22920,5360.0,1.0,0.0
22940,5460.0,1.0,0.0
22960,5470.0,1.0,0.0
22980,5440.0,1.0,0.0
23000,5420.0,1.0,0.0
23020,5490.0,1.0,0.0
23040,5470.0,1.0,0.0
23060,5520.0,1.0,0.0
23080,5420.0,1.0,0.0
23100,5440.0,1.0,0.0
23120,5480.0,1.0,0.0
23140,5420.0,1.0,0.0
23160,5460.0,1.0,0.0
23180,5460.0,1.0,0.0
23200,5500.0,1.0,0.0
23220,5460.0,1.0,0.0
23240,5430.0,1.0,0.0
23260,5440.0,1.0,0.0
23280,5440.0,1.0,0.0
23300,5440.0,1.0,0.0
23320,5490.0,1.0,0.0
23340,5440.0,1.0,0.0
23360,5420.0,1.0,0.0
23380,5490.0,1.0,0.0
23400,5510.0,1.0,0.0
23420,5410.0,1.0,0.0
23440,5430.0,1.0,0.0
23460,5450.0,1.0,0.0
23480,5460.0,1.0,0.0
23500,5440.0,1.0,0.0
23520,5450.0,1.0,0.0
23540,5440.0,1.0,0.0
23560,5400.0,1.0,0.0
23580,5460.0,1.0,0.0
23600,5440.0,1.0,0.0
23620,5480.0,1.0,0.0
23640,5530.0,1.0,0.0
23660,5570.0,1.0,0.0
23680,5460.0,1.0,0.0
23700,5500.0,1.0,0.0
23720,5500.0,1.0,0.0
23740,5500.0,1.0,0.0
23760,5530.0,1.0,0.0
23780,5490.0,1.0,0.0
23800,5540.0,1.0,0.0
23820,5460.0,1.0,0.0
23840,5460.0,1.0,0.0
23860,5510.0,1.0,0.0
23880,5490.0,1.0,0.0
23900,5520.0,1.0,0.0
23920,5450.0,1.0,0.0
23940,5460.0,1.0,0.0
23960,5460.0,1.0,0.0
23980,5420.0,1.0,0.0
24000,5430.0,1.0,0.0
24020,5450.0,1.0,0.0
24040,5530.0,1.0,0.0
24060,5440.0,1.0,0.0
24080,5470.0,1.0,0.0
24100,5480.0,1.0,0.0
24120,5460.0,1.0,0.0
24140,5450.0,1.0,0.0
24160,5420.0,1.0,0.0
24180,5490.0,1.0,0.0
24200,5520.0,1.0,0.0
24220,5450.0,1.0,0.0
24240,5420.0,1.0,0.0
24260,5470.0,1.0,0.0
24280,5460.0,1.0,0.0
24300,5460.0,1.0,0.0
24320,5430.0,1.0,0.0
24340,5430.0,1.0,0.0
24360,5480.0,1.0,0.0
24380,5490.0,1.0,0.0
24400,5420.0,1.0,0.0
24420,5410.0,1.0,0.0
24440,5470.0,1.0,0.0
24460,5450.0,1.0,0.0
24480,5430.0,1.0,0.0
24500,5500.0,1.0,0.0
24520,5510.0,1.0,0.0
24540,5430.0,1.0,0.0
24560,5460.0,1.0,0.0
24580,5460.0,1.0,0.0
24600,5500.0,1.0,0.0
24620,5410.0,1.0,0.0
24640,5420.0,1.0,0.0
24660,5480.0,1.0,0.0
24680,5500.0,1.0,0.0
24700,5400.0,1.0,0.0
24720,5470.0,1.0,0.0
24740,5480.0,1.0,0.0
24760,5490.0,1.0,0.0
24780,5440.0,1.0,0.0
24800,5560.0,1.0,0.0
24820,5520.0,1.0,0.0
24840,5450.0,1.0,0.0
24860,5510.0,1.0,0.0
24880,5480.0,1.0,0.0
24900,5520.0,1.0,0.0
24920,5520.0,1.0,0.0
24940,5520.0,1.0,0.0
24960,5440.0,1.0,0.0
24980,5490.0,1.0,0.0
25000,5480.0,1.0,0.0
25020,5490.0,1.0,0.0
25040,5490.0,1.0,0.0
25060,5510.0,1.0,0.0
25080,5480.0,1.0,0.0
25100,5550.0,1.0,0.0
25120,5550.0,1.0,0.0
25140,5410.0,1.0,0.0
25160,5520.0,1.0,0.0
25180,5510.0,1.0,0.0
25200,5440.0,1.0,0.0
25220,5490.0,1.0,0.0
25240,5440.0,1.0,0.0
25260,5450.0,1.0,0.0
25280,5490.0,1.0,0.0
25300,5450.0,1.0,0.0
25320,5470.0,1.0,0.0
25340,5430.0,1.0,0.0
25360,5470.0,1.0,0.0
25380,5500.0,1.0,0.0
25400,5460.0,1.0,0.0
25420,5440.0,1.0,0.0
25440,5430.0,1.0,0.0
25460,5450.0,1.0,0.0
25480,5500.0,1.0,0.0
25500,5440.0,1.0,0.0
25520,5420.0,1.0,0.0
25540,5450.0,1.0,0.0
25560,5430.0,1.0,0.0
25580,5440.0,1.0,0.0
25600,5440.0,1.0,0.0
25620,5400.0,1.0,0.0
25640,5460.0,1.0,0.0
25660,5460.0,1.0,0.0
25680,5470.0,1.0,0.0
25700,5450.0,1.0,0.0
25720,5400.0,1.0,0.0
25740,5370.0,1.0,0.0
25760,5450.0,1.0,0.0
25780,5410.0,1.0,0.0
25800,5360.0,1.0,0.0
25820,5410.0,1.0,0.0
25840,5420.0,1.0,0.0
25860,5400.0,1.0,0.0
25880,5360.0,1.0,0.0
25900,5370.0,1.0,0.0
25920,5340.0,1.0,0.0
25940,5340.0,1.0,0.0
25960,5420.0,1.0,0.0
25980,5400.0,1.0,0.0
26000,5390.0,1.0,0.0
26020,5400.0,1.0,0.0
26040,5440.0,1.0,0.0
26060,5410.0,1.0,0.0
26080,5430.0,1.0,0.0
26100,5390.0,1.0,0.0
26120,5470.0,1.0,0.0
26140,5380.0,1.0,0.0
26160,5450.0,1.0,0.0
26180,5390.0,1.0,0.0
26200,5320.0,1.0,0.0
26220,5290.0,1.0,0.0
26240,5300.0,1.0,0.0
26260,5330.0,1.0,0.0
26280,5210.0,1.0,0.0
26300,5200.0,1.0,0.0
26320,5170.0,1.0,0.0
26340,5220.0,1.0,0.0
26360,5210.0,1.0,0.0
26380,5170.0,1.0,0.0
26400,5150.0,1.0,0.0
26420,5160.0,1.0,0.0
26440,5160.0,1.0,0.0
26460,5140.0,1.0,0.0
26480,5120.0,1.0,0.0
26500,5170.0,1.0,0.0
26520,5170.0,1.0,0.0
26540,5120.0,1.0,0.0
26560,5100.0,1.0,0.0
26580,5110.0,1.0,0.0
26600,5080.0,1.0,0.0
26620,5160.0,1.0,0.0
26640,5130.0,1.0,0.0
26660,5060.0,1.0,0.0
26680,5100.0,1.0,0.0
26700,5060.0,1.0,0.0
26720,5080.0,1.0,0.0
26740,5060.0,1.0,0.0
26760,5130.0,1.0,0.0
26780,5070.0,1.0,0.0
26800,5060.0,1.0,0.0
26820,5040.0,1.0,0.0
26840,4950.0,1.0,0.0
26860,5000.0,1.0,0.0
26880,4980.0,1.0,0.0
26900,5030.0,1.0,0.0
26920,5060.0,1.0,0.0
26940,5070.0,1.0,0.0
26960,5130.0,1.0,0.0
26980,5170.0,1.0,0.0
27000,5080.0,1.0,0.0
27020,5110.0,1.0,0.0
27040,5130.0,1.0,0.0
27060,5170.0,1.0,0.0
27080,5110.0,1.0,0.0
27100,5090.0,1.0,0.0
27120,5150.0,1.0,0.0
27140,5090.0,1.0,0.0
27160,5110.0,1.0,0.0
27180,5110.0,1.0,0.0
27200,5160.0,1.0,0.0
27220,5190.0,1.0,0.0
27240,5170.0,1.0,0.0
27260,5180.0,1.0,0.0
27280,5180.0,1.0,0.0
27300,5200.0,1.0,0.0
27320,5150.0,1.0,0.0
27340,5140.0,1.0,0.0
27360,5170.0,1.0,0.0
27380,5160.0,1.0,0.0
27400,5200.0,1.0,0.0
27420,5160.0,1.0,0.0
27440,5110.0,1.0,0.0
27460,5150.0,1.0,0.0
27480,5130.0,1.0,0.0
27500,5120.0,1.0,0.0
27520,5090.0,1.0,0.0
27540,5140.0,1.0,0.0
27560,5130.0,1.0,0.0
27580,5110.0,1.0,0.0
27600,5130.0,1.0,0.0
27620,5090.0,1.0,0.0
27640,5120.0,1.0,0.0
27660,5060.0,1.0,0.0
27680,5100.0,1.0,0.0
27700,5080.0,1.0,0.0
27720,5040.0,1.0,0.0
27740,5070.0,1.0,0.0
27760,5110.0,1.0,0.0
27780,5050.0,1.0,0.0
27800,5140.0,1.0,0.0
27820,5130.0,1.0,0.0
27840,5170.0,1.0,0.0
27860,5160.0,1.0,0.0
27880,5080.0,1.0,0.0
27900,5120.0,1.0,0.0
27920,5060.0,1.0,0.0
27940,5030.0,1.0,0.0
27960,5060.0,1.0,0.0
27980,5080.0,1.0,0.0
28000,5150.0,1.0,0.0
28020,5100.0,1.0,0.0
28040,5080.0,1.0,0.0
28060,5040.0,1.0,0.0
28080,5070.0,1.0,0.0
28100,5080.0,1.0,0.0
28120,5060.0,1.0,0.0
28140,5140.0,1.0,0.0
28160,5130.0,1.0,0.0
28180,5130.0,1.0,0.0
28200,5130.0,1.0,0.0
28220,5110.0,1.0,0.0
28240,5140.0,1.0,0.0
28260,5120.0,1.0,0.0
28280,5120.0,1.0,0.0
28300,5190.0,1.0,0.0
28320,5110.0,1.0,0.0
28340,5100.0,1.0,0.0
28360,5170.0,1.0,0.0
28380,5080.0,1.0,0.0
28400,5090.0,1.0,0.0
28420,5090.0,1.0,0.0
28440,5120.0,1.0,0.0
28460,5030.0,1.0,0.0
28480,5100.0,1.0,0.0
28500,5120.0,1.0,0.0
28520,5120.0,1.0,0.0
28540,5120.0,1.0,0.0
28560,5130.0,1.0,0.0
28580,5050.0,1.0,0.0
28600,5100.0,1.0,0.0
28620,5110.0,1.0,0.0
28640,5100.0,1.0,0.0
28660,5100.0,1.0,0.0
28680,5100.0,1.0,0.0
28700,5060.0,1.0,0.0
28720,5040.0,1.0,0.0
28740,5110.0,1.0,0.0
28760,5080.0,1.0,0.0
28780,5060.0,1.0,0.0
28800,5090.0,1.0,0.0
28820,5120.0,1.0,0.0
28840,5100.0,1.0,0.0
28860,5060.0,1.0,0.0
28880,5080.0,1.0,0.0
28900,5220.0,1.0,0.0
28920,5290.0,1.0,0.0
28940,5300.0,1.0,0.0
28960,5390.0,1.0,0.0
28980,5430.0,1.0,0.0
29000,5370.0,1.0,0.0
29020,5380.0,1.0,0.0
29040,5380.0,1.0,0.0
29060,5350.0,1.0,0.0
29080,5460.0,1.0,0.0
29100,5430.0,1.0,0.0
29120,5410.0,1.0,0.0
29140,5360.0,1.0,0.0
29160,5370.0,1.0,0.0
29180,5410.0,1.0,0.0
29200,5370.0,1.0,0.0
29220,5290.0,1.0,0.0
29240,5260.0,1.0,0.0
29260,5280.0,1.0,0.0
29280,5320.0,1.0,0.0
29300,5290.0,1.0,0.0
29320,5340.0,1.0,0.0
29340,5300.0,1.0,0.0
29360,5290.0,1.0,0.0
29380,5300.0,1.0,0.0
29400,5320.0,1.0,0.0
29420,5380.0,1.0,0.0
29440,5410.0,1.0,0.0
29460,5350.0,1.0,0.0
29480,5370.0,1.0,0.0
29500,5430.0,1.0,0.0
29520,5420.0,1.0,0.0
29540,5420.0,1.0,0.0
29560,5430.0,1.0,0.0
29580,5370.0,1.0,0.0
29600,5490.0,1.0,0.0
29620,5420.0,1.0,0.0
29640,5510.0,1.0,0.0
29660,5420.0,1.0,0.0
29680,5510.0,1.0,0.0
29700,5450.0,1.0,0.0
29720,5490.0,1.0,0.0
29740,5510.0,1.0,0.0
29760,5470.0,1.0,0.0
29780,5490.0,1.0,0.0
29800,5510.0,1.0,0.0
29820,5490.0,1.0,0.0
29840,5470.0,1.0,0.0
29860,5510.0,1.0,0.0
29880,5560.0,1.0,0.0
29900,5470.0,1.0,0.0
29920,5470.0,1.0,0.0
29940,5500.0,1.0,0.0
29960,5490.0,1.0,0.0
29980,5460.0,1.0,0.0
30000,5520.0,1.0,0.0
30020,5440.0,1.0,0.0
30040,5550.0,1.0,0.0
30060,5530.0,1.0,0.0
30080,5450.0,1.0,0.0
30100,5540.0,1.0,0.0
30120,5500.0,1.0,0.0
30140,5480.0,1.0,0.0
30160,5520.0,1.0,0.0
30180,5490.0,1.0,0.0
30200,5510.0,1.0,0.0
30220,5500.0,1.0,0.0
30240,5420.0,1.0,0.0
30260,5480.0,1.0,0.0
30280,5510.0,1.0,0.0
30300,5510.0,1.0,0.0
30320,5510.0,1.0,0.0
30340,5500.0,1.0,0.0
30360,5500.0,1.0,0.0
30380,5520.0,1.0,0.0
30400,5500.0,1.0,0.0
30420,5530.0,1.0,0.0
30440,5400.0,1.0,0.0
30460,5440.0,1.0,0.0
30480,5460.0,1.0,0.0
30500,5540.0,1.0,0.0
30520,5490.0,1.0,0.0
30540,5500.0,1.0,0.0
30560,5540.0,1.0,0.0
30580,5490.0,1.0,0.0
30600,5480.0,1.0,0.0
30620,5470.0,1.0,0.0
30640,5500.0,1.0,0.0
30660,5540.0,1.0,0.0
30680,5540.0,1.0,0.0
30700,5470.0,1.0,0.0
30720,5530.0,1.0,0.0
30740,5530.0,1.0,0.0
30760,5470.0,1.0,0.0
30780,5540.0,1.0,0.0
30800,5550.0,1.0,0.0
30820,5510.0,1.0,0.0
30840,5510.0,1.0,0.0
30860,5480.0,1.0,0.0
30880,5500.0,1.0,0.0
30900,5490.0,1.0,0.0
30920,5490.0,1.0,0.0
30940,5490.0,1.0,0.0
30960,5500.0,1.0,0.0
30980,5470.0,1.0,0.0
31000,5500.0,1.0,0.0
31020,5580.0,1.0,0.0
31040,5510.0,1.0,0.0
31060,5530.0,1.0,0.0
31080,5500.0,1.0,0.0
31100,5480.0,1.0,0.0
31120,5490.0,1.0,0.0
31140,5530.0,1.0,0.0
31160,5510.0,1.0,0.0
31180,5480.0,1.0,0.0
31200,5480.0,1.0,0.0
31220,5520.0,1.0,0.0
31240,5500.0,1.0,0.0
31260,5550.0,1.0,0.0
31280,5530.0,1.0,0.0
31300,5530.0,1.0,0.0
31320,5510.0,1.0,0.0
31340,5510.0,1.0,0.0
31360,5490.0,1.0,0.0
31380,5460.0,1.0,0.0
31400,5480.0,1.0,0.0
31420,5430.0,1.0,0.0
31440,5480.0,1.0,0.0
31460,5500.0,1.0,0.0
31480,5500.0,1.0,0.0
31500,5470.0,1.0,0.0
31520,5530.0,1.0,0.0
31540,5540.0,1.0,0.0
31560,5480.0,1.0,0.0
31580,5530.0,1.0,0.0
31600,5480.0,1.0,0.0
31620,5540.0,1.0,0.0
31640,5590.0,1.0,0.0
31660,5490.0,1.0,0.0
31680,5520.0,1.0,0.0
31700,5530.0,1.0,0.0
31720,5470.0,1.0,0.0
31740,5530.0,1.0,0.0
31760,5480.0,1.0,0.0
31780,5490.0,1.0,0.0
31800,5460.0,1.0,0.0
31820,5470.0,1.0,0.0
31840,5430.0,1.0,0.0
31860,5480.0,1.0,0.0
31880,5530.0,1.0,0.0
31900,5540.0,1.0,0.0
31920,5470.0,1.0,0.0
31940,5520.0,1.0,0.0
31960,5490.0,1.0,0.0
31980,5600.0,1.0,0.0
32000,5560.0,1.0,0.0
32020,5500.0,1.0,0.0
32040,5530.0,1.0,0.0
32060,5480.0,1.0,0.0
32080,5490.0,1.0,0.0
32100,5560.0,1.0,0.0
32120,5520.0,1.0,0.0
32140,5510.0,1.0,0.0
32160,5480.0,1.0,0.0
32180,5540.0,1.0,0.0
32200,5530.0,1.0,0.0
32220,5480.0,1.0,0.0
32240,5530.0,1.0,0.0
32260,5520.0,1.0,0.0
32280,5520.0,1.0,0.0
32300,5540.0,1.0,0.0
32320,5480.0,1.0,0.0
32340,5450.0,1.0,0.0
32360,5500.0,1.0,0.0
32380,5520.0,1.0,0.0
32400,5460.0,1.0,0.0
32420,5500.0,1.0,0.0
32440,5520.0,1.0,0.0
32460,5440.0,1.0,0.0
32480,5500.0,1.0,0.0
32500,5490.0,1.0,0.0
32520,5530.0,1.0,0.0
32540,5520.0,1.0,0.0
32560,5520.0,1.0,0.0
32580,5490.0,1.0,0.0
32600,5440.0,1.0,0.0
32620,5470.0,1.0,0.0
32640,5500.0,1.0,0.0
32660,5520.0,1.0,0.0
32680,5510.0,1.0,0.0
32700,5480.0,1.0,0.0
32720,5500.0,1.0,0.0
32740,5500.0,1.0,0.0
32760,5510.0,1.0,0.0
32780,5480.0,1.0,0.0
32800,5540.0,1.0,0.0
32820,5480.0,1.0,0.0
32840,5530.0,1.0,0.0
32860,5490.0,1.0,0.0
32880,5520.0,1.0,0.0
32900,5470.0,1.0,0.0
32920,5520.0,1.0,0.0
32940,5480.0,1.0,0.0
32960,5380.0,1.0,0.0
32980,5420.0,1.0,0.0
33000,5430.0,1.0,0.0
33020,5410.0,1.0,0.0
33040,5410.0,1.0,0.0
33060,5360.0,1.0,0.0
33080,5290.0,1.0,0.0
33100,5220.0,1.0,0.0
33120,5260.0,1.0,0.0
33140,5230.0,1.0,0.0
33160,5230.0,1.0,0.0
33180,5200.0,1.0,0.0
33200,5230.0,1.0,0.0
33220,5190.0,1.0,0.0
33240,5220.0,1.0,0.0
33260,5140.0,1.0,0.0
33280,5140.0,1.0,0.0
33300,5190.0,1.0,0.0
33320,5040.0,1.0,0.0
33340,5060.0,1.0,0.0
33360,5050.0,1.0,0.0
33380,4990.0,1.0,0.0
33400,4930.0,1.0,0.0
33420,4890.0,1.0,0.0
33440,4840.0,1.0,0.0
33460,4760.0,1.0,0.0
33480,4740.0,1.0,0.0
33500,4710.0,1.0,0.0
33520,4610.0,1.0,0.0
33540,4620.0,1.0,0.0
33560,4590.0,1.0,0.0
33580,4560.0,1.0,0.0
33600,4550.0,1.0,0.0
33620,4430.0,1.0,0.0
33640,4400.0,1.0,0.0
33660,4390.0,1.0,0.0
33680,4370.0,1.0,0.0
33700,4300.0,1.0,0.0
33720,4330.0,1.0,0.0
33740,4310.0,1.0,0.0
33760,4240.0,1.0,0.0
33780,4240.0,1.0,0.0
33800,4200.0,1.0,0.0
33820,4190.0,1.0,0.0
33840,4120.0,1.0,0.0
33860,4150.0,1.0,0.0
33880,4100.0,1.0,0.0
33900,4090.0,1.0,0.0
33920,4000.0,1.0,0.0
33940,4030.0,1.0,0.0
33960,3960.0,1.0,0.0
33980,3940.0,1.0,0.0
34000,3940.0,1.0,0.0
34020,3910.0,1.0,0.0
34040,3940.0,1.0,0.0
34060,3850.0,1.0,0.0
34080,3840.0,1.0,0.0
34100,3790.0,1.0,0.0
34120,3760.0,1.0,0.0
34140,3720.0,1.0,0.0
34160,3670.0,1.0,0.0
34180,3750.0,1.0,0.0
34200,3660.0,1.0,0.0
34220,3660.0,1.0,0.0
34240,3620.0,1.0,0.0
34260,3640.0,1.0,0.0
34280,3560.0,1.0,0.0
34300,3570.0,1.0,0.0
34320,3550.0,1.0,0.0
34340,3490.0,1.0,0.0
34360,3470.0,1.0,0.0
34380,3410.0,1.0,0.0
34400,3360.0,1.0,0.0
34420,3280.0,1.0,0.0
34440,3300.0,1.0,0.0
34460,3220.0,1.0,0.0
34480,3160.0,1.0,0.0
34500,3120.0,1.0,0.0
34520,3080.0,1.0,0.0
34540,3040.0,1.0,0.0
34560,3030.0,1.0,0.0
34580,2930.0,1.0,0.0
34600,2770.0,1.0,0.0
34620,2600.0,1.0,0.0
34640,2510.0,1.0,0.0
34660,2430.0,1.0,0.0
34680,2410.0,1.0,0.0
34700,2330.0,1.0,0.0
34720,2280.0,1.0,0.0
34740,2250.0,1.0,0.0
34760,2260.0,1.0,0.0
34780,2240.0,1.0,0.0
34800,2260.0,1.0,0.0
34820,2290.0,1.0,0.0
34840,2310.0,1.0,0.0
34860,2360.0,1.0,0.0
34880,2400.0,1.0,0.0
34900,2520.0,1.0,0.0
34920,2610.0,1.0,0.0
34940,2700.0,1.0,0.0
34960,2880.0,1.0,0.0
34980,3010.0,1.0,0.0
35000,3180.0,1.0,0.0
35020,3340.0,1.0,0.0
35040,3450.0,1.0,0.0
35060,3610.0,1.0,0.0
35080,3710.0,1.0,0.0
35100,3830.0,1.0,0.0
35120,4000.0,1.0,0.0
35140,4130.0,1.0,0.0
35160,4230.0,1.0,0.0
35180,4370.0,1.0,0.0
35200,4440.0,1.0,0.0
35220,4520.0,1.0,0.0
35240,4510.0,1.0,0.0
35260,4630.0,1.0,0.0
35280,4680.0,1.0,0.0
35300,4720.0,1.0,0.0
35320,4750.0,1.0,0.0
35340,4880.0,1.0,0.0
35360,4820.0,1.0,0.0
35380,4880.0,1.0,0.0
35400,4910.0,1.0,0.0
35420,4970.0,1.0,0.0
35440,4960.0,1.0,0.0
35460,5000.0,1.0,0.0
35480,5040.0,1.0,0.0
35500,4940.0,1.0,0.0
35520,4930.0,1.0,0.0
35540,4950.0,1.0,0.0
35560,4830.0,1.0,0.0
35580,4830.0,1.0,0.0
35600,4690.0,1.0,0.0
35620,4700.0,1.0,0.0
35640,4630.0,1.0,0.0
35660,4540.0,1.0,0.0
35680,4550.0,1.0,0.0
35700,4460.0,1.0,0.0
35720,4430.0,1.0,0.0
35740,4320.0,1.0,0.0
35760,4310.0,1.0,0.0
35780,4240.0,1.0,0.0
35800,4160.0,1.0,0.0
35820,4090.0,1.0,0.0
35840,4110.0,1.0,0.0
35860,4020.0,1.0,0.0
35880,4010.0,1.0,0.0
35900,4020.0,1.0,0.0
35920,3900.0,1.0,0.0
35940,3860.0,1.0,0.0
35960,3710.0,1.0,0.0
35980,3630.0,1.0,0.0
36000,3550.0,1.0,0.0
36020,3490.0,1.0,0.0
36040,3460.0,1.0,0.0
36060,3430.0,1.0,0.0
36080,3350.0,1.0,0.0
36100,3300.0,1.0,0.0
36120,3290.0,1.0,0.0
36140,3280.0,1.0,0.0
36160,3250.0,1.0,0.0
36180,3200.0,1.0,0.0
36200,3140.0,1.0,0.0
36220,3150.0,1.0,0.0
36240,3120.0,1.0,0.0
36260,3090.0,1.0,0.0
36280,3070.0,1.0,0.0
36300,3030.0,1.0,0.0
36320,2980.0,1.0,0.0
36340,2960.0,1.0,0.0
36360,2910.0,1.0,0.0
36380,2930.0,1.0,0.0
36400,2970.0,1.0,0.0
36420,3020.0,1.0,0.0
36440,3210.0,1.0,0.0
36460,3410.0,1.0,0.0
36480,3580.0,1.0,0.0
36500,3780.0,1.0,0.0
36520,3960.0,1.0,0.0
36540,4150.0,1.0,0.0
36560,4350.0,1.0,0.0
36580,4530.0,1.0,0.0
36600,4730.0,1.0,0.0
36620,4790.0,1.0,0.0
36640,4900.0,1.0,0.0
36660,4900.0,1.0,0.0
36680,4930.0,1.0,0.0
36700,4890.0,1.0,0.0
36720,4820.0,1.0,0.0
36740,4860.0,1.0,0.0
36760,4850.0,1.0,0.0
36780,4800.0,1.0,0.0
36800,4790.0,1.0,0.0
36820,4820.0,1.0,0.0
36840,4810.0,1.0,0.0
36860,4850.0,1.0,0.0
36880,4740.0,1.0,0.0
36900,4800.0,1.0,0.0
36920,4860.0,1.0,0.0
36940,4910.0,1.0,0.0
36960,4950.0,1.0,0.0
36980,5090.0,1.0,0.0
37000,5200.0,1.0,0.0
37020,5340.0,1.0,0.0
37040,5270.0,1.0,0.0
37060,5200.0,1.0,0.0
37080,5180.0,1.0,0.0
37100,5100.0,1.0,0.0
37120,4980.0,1.0,0.0
37140,4840.0,1.0,0.0
37160,4650.0,1.0,0.0
37180,4580.0,1.0,0.0
37200,4450.0,1.0,0.0
37220,4260.0,1.0,0.0
37240,4080.0,1.0,0.0
37260,3920.0,1.0,0.0
37280,3740.0,1.0,0.0
37300,3550.0,1.0,0.0
37320,3370.0,1.0,0.0
37340,3190.0,1.0,0.0
37360,3000.0,1.0,0.0
37380,2800.0,1.0,0.0
37400,2600.0,1.0,0.0
37420,2440.0,1.0,0.0
37440,2240.0,1.0,0.0
37460,2040.0,1.0,0.0
37480,1840.0,1.0,0.0
37500,1640.0,1.0,0.0
37520,1440.0,1.0,0.0
37540,1240.0,1.0,0.0
37560,1040.0,1.0,0.0
37580,860.0,1.0,0.0
37600,800.0,1.0,0.0
37620,720.0,1.0,0.0
37640,680.0,1.0,0.0
37660,620.0,1.0,0.0
37680,590.0,1.0,0.0
37700,540.0,1.0,0.0
37720,500.0,1.0,0.0
37740,480.0,1.0,0.0
37760,430.0,1.0,0.0
37780,400.0,1.0,0.0
37800,390.0,1.0,0.0
37820,370.0,1.0,0.0
37840,310.0,1.0,0.0
37860,300.0,1.0,0.0
37880,280.0,1.0,0.0
37900,270.0,1.0,0.0
37920,240.0,1.0,0.0
37940,240.0,1.0,0.0
37960,220.0,1.0,0.0
37980,250.0,1.0,0.0
38000,240.0,1.0,0.0
38020,300.0,1.0,0.0
38040,280.0,1.0,0.0
38060,230.0,1.0,0.0
38080,210.0,1.0,0.0
38100,230.0,1.0,0.0
38120,230.0,1.0,0.0
38140,230.0,1.0,0.0
38160,300.0,1.0,0.0
38180,,,
38200,,,
38220,,,
38240,,,
38260,,,
38280,,,
38300,,,
38320,,,
38340,,,
38360,,,
38380,,,
38400,,,
38420,,,
38440,,,
38460,,,
38480,,,
38500,,,
38520,,,
38540,,,
38560,,,
38580,,,
38600,,,
38620,,,
38640,,,
38660,,,
38680,,,
38700,,,
38720,,,
38740,,,
38760,,,
38780,,,
38800,,,
38820,,,
38840,,,
38860,,,
38880,,,
38900,,,
38920,,,
38940,,,
38960,,,
38980,,,
39000,,,
39020,,,
39040,,,
39060,,,
39080,,,
39100,,,
39120,,,
39140,,,
39160,,,
39180,,,
39200,,,
39220,,,
39240,,,
39260,,,
39280,,,
39300,,,
39320,,,
39340,,,
39360,,,
39380,,,
39400,,,
39420,,,
39440,,,
39460,,,
39480,,,
39500,,,
39520,,,
39540,,,
39560,,,
39580,,,
39600,,,
39620,,,
39640,,,
39660,,,
39680,,,
39700,,,
39720,,,
39740,,,
39760,,,
39780,,,
39800,,,
39820,,,
39840,,,
39860,,,
39880,,,
39900,,,
39920,,,
39940,,,
39960,,,
39980,,,
40000,,,
40020,,,
40040,,,
40060,,,
40080,,,
40100,,,
40120,,,
40140,,,
40160,,,
40180,,,
40200,,,
40220,,,
40240,,,
40260,,,
40280,,,
40300,,,
40320,,,
40340,,,
40360,,,
40380,,,
40400,,,
40420,,,
40440,,,
40460,,,
40480,,,
40500,,,
40520,,,
40540,,,
40560,,,
40580,,,
40600,,,
40620,,,
40640,,,
40660,,,
40680,,,
40700,,,
40720,,,
40740,,,
40760,,,
40780,,,
40800,,,
40820,,,
40840,,,
40860,,,
40880,,,
40900,,,
40920,,,
40940,,,
40960,,,
40980,,,
41000,,,
41020,,,
41040,,,
41060,,,
41080,,,
41100,,,
41120,,,
41140,,,
41160,,,
41180,,,
41200,,,
41220,,,
41240,,,
41260,,,
41280,,,
41300,,,
41320,,,
41340,,,
41360,,,
41380,,,
41400,,,
41420,,,
41440,,,
41460,,,
41480,,,
