time,c1,c2
0,2280.0,-2170.0
20,2230.0,-2190.0
40,2260.0,-2150.0
60,2190.0,-2120.0
80,2260.0,-2150.0
100,2240.0,-2160.0
120,2250.0,-2120.0
140,2240.0,-2140.0
160,2300.0,-2170.0
180,2250.0,-2160.0
200,2220.0,-2150.0
220,2250.0,-2240.0
240,2230.0,-2170.0
260,2230.0,-2190.0
280,2200.0,-2110.0
300,2270.0,-2120.0
320,2300.0,-2110.0
340,2330.0,-2230.0
360,2220.0,-2240.0
380,2280.0,-2200.0
400,2230.0,-2170.0
420,2270.0,-2190.0
440,2270.0,-2220.0
460,2270.0,-2180.0
480,2250.0,-2190.0
500,2260.0,-2240.0
520,2220.0,-2190.0
540,2270.0,-2190.0
560,2240.0,-2180.0
580,2240.0,-2150.0
600,2250.0,-2200.0
620,2260.0,-2170.0
640,2260.0,-2250.0
660,2250.0,-2190.0
680,2240.0,-2180.0
700,2230.0,-2110.0
720,2260.0,-2190.0
740,2240.0,-2170.0
760,2230.0,-2150.0
780,2220.0,-2190.0
800,2230.0,-2230.0
820,2250.0,-2230.0
840,2230.0,-2240.0
860,2300.0,-2220.0
880,2270.0,-2200.0
900,2220.0,-2210.0
920,2230.0,-2150.0
940,2290.0,-2150.0
960,2230.0,-2200.0
980,2220.0,-2130.0
1000,2260.0,-2240.0
1020,2250.0,-2180.0
1040,2230.0,-2220.0
1060,2270.0,-2190.0
1080,2260.0,-2200.0
1100,2260.0,-2190.0
1120,2270.0,-2240.0
1140,2270.0,-2240.0
1160,2250.0,-2230.0
1180,2240.0,-2200.0
1200,2260.0,-2170.0
1220,2240.0,-2110.0
1240,2290.0,-2110.0
1260,2210.0,-2170.0
1280,2230.0,-2150.0
1300,2230.0,-2160.0
1320,2240.0,-2210.0
1340,2230.0,-2230.0
1360,2310.0,-2240.0
1380,2240.0,-2280.0
1400,2280.0,-2250.0
1420,2260.0,-2200.0
1440,2250.0,-2180.0
1460,2220.0,-2140.0
1480,2210.0,-2170.0
1500,2320.0,-2170.0
1520,2250.0,-2120.0
1540,2260.0,-2160.0
1560,2230.0,-2150.0
1580,2290.0,-2200.0
1600,2270.0,-2170.0
1620,2230.0,-2200.0
1640,2250.0,-2140.0
1660,2280.0,-2130.0
1680,2250.0,-2200.0
1700,2250.0,-2230.0
1720,2260.0,-2220.0
1740,2270.0,-2180.0
1760,2310.0,-2190.0
1780,2280.0,-2150.0
1800,2270.0,-2140.0
1820,2250.0,-2160.0
1840,2250.0,-2240.0
1860,2280.0,-2180.0
1880,2270.0,-2160.0
1900,2280.0,-2190.0
1920,2230.0,-2120.0
1940,2260.0,-2170.0
1960,2250.0,-2130.0
1980,2230.0,-2210.0
2000,2230.0,-2220.0
2020,2210.0,-2170.0
2040,2220.0,-2180.0
2060,2250.0,-2190.0
2080,2290.0,-2160.0
2100,2270.0,-2120.0
2120,2290.0,-2160.0
2140,2280.0,-2210.0
2160,2230.0,-2170.0
2180,2240.0,-2220.0
2200,2280.0,-2140.0
2220,2270.0,-2150.0
2240,2280.0,-2220.0
2260,2260.0,-2240.0
2280,2220.0,-2130.0
2300,2230.0,-2190.0
2320,2250.0,-2160.0
2340,2270.0,-2230.0
2360,2240.0,-2200.0
2380,2250.0,-2170.0
2400,2260.0,-2170.0
2420,2250.0,-2210.0
2440,2250.0,-2180.0
2460,2240.0,-2210.0
2480,2270.0,-2230.0
2500,2280.0,-2180.0
2520,2240.0,-2180.0
2540,2250.0,-2120.0
2560,2290.0,-2100.0
2580,2270.0,-2140.0
2600,2200.0,-2180.0
2620,2220.0,-2170.0
2640,2290.0,-2200.0
2660,2260.0,-2180.0
2680,2220.0,-2150.0
2700,2250.0,-2180.0
2720,2210.0,-2160.0
2740,2240.0,-2120.0
2760,2230.0,-2120.0
2780,2230.0,-2240.0
2800,2270.0,-2210.0
2820,2240.0,-2220.0
2840,2280.0,-2130.0
2860,2260.0,-2150.0
2880,2230.0,-2200.0
2900,2250.0,-2120.0
2920,2240.0,-2140.0
2940,2250.0,-2170.0
2960,2230.0,-2190.0
2980,2230.0,-2190.0
3000,2260.0,-2190.0
3020,2250.0,-2160.0
3040,2230.0,-2160.0
3060,2260.0,-2130.0
3080,2230.0,-2140.0
3100,2260.0,-2190.0
3120,2290.0,-2190.0
3140,2230.0,-2240.0
3160,2220.0,-2160.0
3180,2250.0,-2230.0
3200,2280.0,-2150.0
3220,2290.0,-2180.0
3240,2230.0,-2150.0
3260,2250.0,-2210.0
3280,2290.0,-2210.0
3300,2240.0,-2160.0
3320,2260.0,-2150.0
3340,2230.0,-2170.0
3360,2270.0,-2150.0
3380,2280.0,-2230.0
3400,2240.0,-2180.0
3420,2230.0,-2200.0
3440,2290.0,-2190.0
3460,2230.0,-2180.0
3480,2250.0,-2110.0
3500,2260.0,-2140.0
3520,2280.0,-2160.0
3540,2270.0,-2240.0
3560,2260.0,-2220.0
3580,2270.0,-2160.0
3600,2250.0,-2190.0
3620,2230.0,-2160.0
3640,2270.0,-2120.0
3660,2260.0,-2170.0
3680,2220.0,-2220.0
3700,2240.0,-2210.0
3720,2280.0,-2130.0
3740,2250.0,-2140.0
3760,2240.0,-2210.0
3780,2240.0,-2210.0
3800,2200.0,-2170.0
3820,2300.0,-2160.0
3840,2220.0,-2200.0
3860,2290.0,-2180.0
3880,2260.0,-2170.0
3900,2290.0,-2190.0
3920,2250.0,-2160.0
3940,2250.0,-2160.0
3960,2300.0,-2130.0
3980,2240.0,-2180.0
4000,2240.0,-2150.0
4020,2250.0,-2200.0
4040,2240.0,-2160.0
4060,2290.0,-2170.0
4080,2260.0,-2140.0
4100,2280.0,-2170.0
4120,2230.0,-2140.0
4140,2240.0,-2150.0
4160,2210.0,-2160.0
4180,2260.0,-2160.0
4200,2250.0,-2140.0
4220,2260.0,-2180.0
4240,2250.0,-2160.0
4260,2240.0,-2200.0
4280,2260.0,-2200.0
4300,2280.0,-2210.0
4320,2220.0,-2200.0
4340,2250.0,-2210.0
4360,2280.0,-2200.0
4380,2270.0,-2220.0
4400,2310.0,-2180.0
4420,2260.0,-2170.0
4440,2280.0,-2180.0
4460,2310.0,-2210.0
4480,2260.0,-2270.0
4500,2250.0,-2090.0
4520,2290.0,-2090.0
4540,2270.0,-2090.0
4560,2230.0,-2180.0
4580,2260.0,-2140.0
4600,2280.0,-2230.0
4620,2240.0,-2260.0
4640,2230.0,-2300.0
4660,2270.0,-2240.0
4680,2240.0,-2150.0
4700,2250.0,-2200.0
4720,2250.0,-2160.0
4740,2310.0,-2180.0
4760,2260.0,-2250.0
4780,2210.0,-2260.0
4800,2230.0,-2210.0
4820,2240.0,-2180.0
4840,2290.0,-2210.0
4860,2240.0,-2210.0
4880,2250.0,-2160.0
4900,2260.0,-2140.0
4920,2220.0,-2180.0
4940,2270.0,-2180.0
4960,2250.0,-2130.0
4980,2250.0,-2110.0
5000,2250.0,-2060.0
5020,2270.0,-2110.0
5040,2260.0,-2130.0
5060,2250.0,-2180.0
5080,2260.0,-2160.0
5100,2290.0,-2200.0
5120,2250.0,-2190.0
5140,2260.0,-2220.0
5160,2260.0,-2180.0
5180,2280.0,-2200.0
5200,2250.0,-2200.0
5220,2270.0,-2120.0
5240,2290.0,-2190.0
5260,2240.0,-2170.0
5280,2200.0,-2190.0
5300,2260.0,-2160.0
5320,2260.0,-2170.0
5340,2290.0,-2200.0
5360,2220.0,-2160.0
5380,2250.0,-2090.0
5400,2240.0,-2150.0
5420,2310.0,-2180.0
5440,2250.0,-2180.0
5460,2270.0,-2150.0
5480,2260.0,-2190.0
5500,2260.0,-2180.0
5520,2230.0,-2200.0
5540,2250.0,-2150.0
5560,2250.0,-2160.0
5580,2220.0,-2140.0
5600,2280.0,-2200.0
5620,2240.0,-2190.0
5640,2260.0,-2140.0
5660,2270.0,-2160.0
5680,2240.0,-2150.0
5700,2280.0,-2220.0
5720,2270.0,-2230.0
5740,2280.0,-2240.0
5760,2280.0,-2250.0
5780,2240.0,-2170.0
5800,2300.0,-2160.0
5820,2310.0,-2220.0
5840,2240.0,-2210.0
5860,2230.0,-2220.0
5880,2290.0,-2170.0
5900,2280.0,-2170.0
5920,2270.0,-2170.0
5940,2270.0,-2180.0
5960,2300.0,-2160.0
5980,2250.0,-2140.0
6000,2250.0,-2150.0
6020,2250.0,-2180.0
6040,2270.0,-2250.0
6060,2260.0,-2220.0
6080,2260.0,-2150.0
6100,2270.0,-2150.0
6120,2260.0,-2180.0
6140,2300.0,-2170.0
6160,2280.0,-2170.0
6180,2250.0,-2200.0
6200,2240.0,-2210.0
6220,2280.0,-2180.0
6240,2260.0,-2100.0
6260,2260.0,-2200.0
6280,2260.0,-2230.0
6300,2220.0,-2210.0
6320,2250.0,-2230.0
6340,2270.0,-2280.0
6360,2260.0,-2280.0
6380,2310.0,-2340.0
6400,2380.0,-2310.0
6420,2340.0,-2300.0
6440,2390.0,-2350.0
6460,2430.0,-2340.0
6480,2520.0,-2460.0
6500,2550.0,-2390.0
6520,2520.0,-2380.0
6540,2550.0,-2480.0
6560,2610.0,-2470.0
6580,2650.0,-2510.0
6600,2700.0,-2490.0
6620,2700.0,-2580.0
6640,2680.0,-2640.0
6660,2750.0,-2570.0
6680,2780.0,-2580.0
6700,2770.0,-2600.0
6720,2800.0,-2660.0
6740,2800.0,-2670.0
6760,2860.0,-2740.0
6780,2860.0,-2730.0
6800,2900.0,-2760.0
6820,2920.0,-2710.0
6840,2920.0,-2730.0
6860,2940.0,-2830.0
6880,2900.0,-2830.0
6900,2890.0,-2800.0
6920,2910.0,-2850.0
6940,2970.0,-2810.0
6960,2990.0,-2760.0
6980,2990.0,-2810.0
7000,2970.0,-2820.0
7020,2960.0,-2880.0
7040,3040.0,-2860.0
7060,2970.0,-2900.0
7080,2980.0,-2900.0
7100,2990.0,-2890.0
7120,2990.0,-2810.0
7140,2990.0,-2830.0
7160,3050.0,-2880.0
7180,3010.0,-2870.0
7200,2980.0,-2870.0
7220,3000.0,-2800.0
7240,2990.0,-2830.0
7260,2940.0,-2790.0
7280,2940.0,-2790.0
7300,2950.0,-2860.0
7320,2970.0,-2890.0
7340,3010.0,-2930.0
7360,3080.0,-3000.0
7380,3000.0,-2950.0
7400,3020.0,-2880.0
7420,2980.0,-2800.0
7440,2990.0,-2760.0
7460,2980.0,-2800.0
7480,3020.0,-2800.0
7500,2960.0,-2940.0
7520,3010.0,-2960.0
7540,3030.0,-2930.0
7560,3020.0,-2990.0
7580,3010.0,-2960.0
7600,2970.0,-2900.0
7620,2980.0,-2880.0
7640,3000.0,-2900.0
7660,3030.0,-2810.0
7680,3020.0,-2870.0
7700,3010.0,-2920.0
7720,3040.0,-2880.0
7740,3020.0,-2780.0
7760,3030.0,-2820.0
7780,3020.0,-2920.0
7800,3000.0,-2950.0
7820,2950.0,-2880.0
7840,3000.0,-2850.0
7860,2990.0,-2870.0
7880,2950.0,-2910.0
7900,2980.0,-2930.0
7920,3040.0,-2880.0
7940,3010.0,-2960.0
7960,3050.0,-2950.0
7980,3030.0,-2930.0
8000,3030.0,-2880.0
8020,3010.0,-2880.0
8040,3010.0,-2890.0
8060,2990.0,-2960.0
8080,2990.0,-2870.0
8100,3060.0,-2900.0
8120,3010.0,-2930.0
8140,3010.0,-2880.0
8160,2970.0,-2920.0
8180,3020.0,-2930.0
8200,3000.0,-2860.0
8220,3010.0,-2890.0
8240,2990.0,-2880.0
8260,2980.0,-2910.0
8280,3050.0,-2910.0
8300,3030.0,-2870.0
8320,3020.0,-2840.0
8340,2980.0,-2850.0
8360,2980.0,-2820.0
8380,2990.0,-2840.0
8400,3020.0,-2860.0
8420,3000.0,-2870.0
8440,3030.0,-2930.0
8460,3020.0,-2870.0
8480,3010.0,-2900.0
8500,3040.0,-2920.0
8520,2970.0,-2900.0
8540,2950.0,-2940.0
8560,3020.0,-2900.0
8580,3000.0,-2870.0
8600,3050.0,-2910.0
8620,3010.0,-2860.0
8640,3000.0,-2920.0
8660,3030.0,-2910.0
8680,2980.0,-2840.0
8700,3060.0,-2870.0
8720,2970.0,-2840.0
8740,2970.0,-2880.0
8760,3070.0,-2860.0
8780,2990.0,-2880.0
8800,3010.0,-2890.0
8820,3060.0,-2820.0
8840,3020.0,-2870.0
8860,2990.0,-2850.0
8880,3030.0,-2810.0
8900,3030.0,-2860.0
8920,2970.0,-2920.0
8940,3000.0,-2890.0
8960,2990.0,-2930.0
8980,3060.0,-2940.0
9000,3030.0,-2840.0
9020,2990.0,-2820.0
9040,3040.0,-2840.0
9060,3030.0,-2860.0
9080,3030.0,-2890.0
9100,2990.0,-2890.0
9120,2970.0,-2780.0
9140,2970.0,-2740.0
9160,2970.0,-2800.0
9180,2950.0,-2840.0
9200,2960.0,-2790.0
9220,3000.0,-2850.0
9240,3000.0,-2900.0
9260,2970.0,-2850.0
9280,2980.0,-2840.0
9300,2950.0,-2880.0
9320,3020.0,-2880.0
9340,3010.0,-2840.0
9360,2970.0,-2870.0
9380,3040.0,-2880.0
9400,3030.0,-2900.0
9420,2960.0,-2850.0
9440,3020.0,-2780.0
9460,3000.0,-2850.0
9480,2990.0,-2890.0
9500,2990.0,-2830.0
9520,3010.0,-2850.0
9540,2940.0,-2790.0
9560,2950.0,-2840.0
9580,3000.0,-2910.0
9600,3010.0,-2940.0
9620,3030.0,-2940.0
9640,2950.0,-2950.0
9660,2970.0,-2970.0
9680,2920.0,-2940.0
9700,2960.0,-2940.0
9720,2990.0,-2940.0
9740,3020.0,-2920.0
9760,3090.0,-2930.0
9780,3000.0,-2900.0
9800,3000.0,-2920.0
9820,2970.0,-2890.0
9840,2900.0,-2890.0
9860,2990.0,-2900.0
9880,2970.0,-2880.0
9900,3020.0,-2870.0
9920,2970.0,-2850.0
9940,2950.0,-2890.0
9960,2880.0,-2810.0
9980,2960.0,-2870.0
10000,3010.0,-2840.0
10020,2980.0,-2890.0
10040,3030.0,-2850.0
10060,2960.0,-2780.0
10080,3010.0,-2890.0
10100,3040.0,-2830.0
10120,2940.0,-2840.0
10140,2970.0,-2810.0
10160,2970.0,-2860.0
10180,2970.0,-2910.0
10200,2980.0,-2950.0
10220,3030.0,-2970.0
10240,3000.0,-2930.0
10260,3020.0,-2960.0
10280,2970.0,-2950.0
10300,2920.0,-2890.0
10320,2970.0,-2850.0
10340,3010.0,-2780.0
10360,3030.0,-2790.0
10380,3030.0,-2860.0
10400,2960.0,-2820.0
10420,2980.0,-2830.0
10440,2970.0,-2810.0
10460,3000.0,-2870.0
10480,2940.0,-2940.0
10500,2960.0,-2890.0
10520,3030.0,-2890.0
10540,2970.0,-2900.0
10560,2940.0,-2950.0
10580,2940.0,-2900.0
10600,2960.0,-2870.0
10620,2990.0,-2930.0
10640,2960.0,-2960.0
10660,2940.0,-2860.0
10680,2950.0,-2950.0
10700,2960.0,-2940.0
10720,3000.0,-2920.0
10740,2960.0,-2900.0
10760,3020.0,-2860.0
10780,2950.0,-2840.0
10800,2970.0,-2900.0
10820,2990.0,-2840.0
10840,2990.0,-2870.0
10860,2990.0,-2780.0
10880,2940.0,-2790.0
10900,2980.0,-2790.0
10920,3030.0,-2850.0
10940,2980.0,-2910.0
10960,3000.0,-2850.0
10980,3050.0,-2780.0
11000,2960.0,-2970.0
11020,3030.0,-2910.0
11040,3020.0,-2860.0
11060,3000.0,-2900.0
11080,2960.0,-2870.0
11100,2970.0,-2900.0
11120,3020.0,-2940.0
11140,2980.0,-2920.0
11160,3030.0,-2930.0
11180,3030.0,-2900.0
11200,2970.0,-2850.0
11220,2990.0,-2910.0
11240,2990.0,-2860.0
11260,3040.0,-2820.0
11280,2980.0,-2750.0
11300,3000.0,-2840.0
11320,3010.0,-2820.0
11340,3050.0,-2910.0
11360,3060.0,-2910.0
11380,3000.0,-2850.0
11400,3040.0,-2910.0
11420,2990.0,-3040.0
11440,3060.0,-2940.0
11460,2980.0,-2980.0
11480,2930.0,-2910.0
11500,3000.0,-2730.0
11520,2980.0,-2780.0
11540,2980.0,-2810.0
11560,3010.0,-2910.0
11580,3030.0,-2920.0
11600,2980.0,-2870.0
11620,2980.0,-2910.0
11640,2970.0,-2910.0
11660,2980.0,-2880.0
11680,3020.0,-2870.0
11700,2980.0,-2860.0
11720,2950.0,-2930.0
11740,3030.0,-2930.0
11760,3040.0,-2960.0
11780,3030.0,-3010.0
11800,3020.0,-2950.0
11820,3040.0,-2930.0
11840,2950.0,-2920.0
11860,3030.0,-2870.0
11880,3020.0,-2830.0
11900,2990.0,-2870.0
11920,2980.0,-2870.0
11940,2980.0,-2880.0
11960,2940.0,-2910.0
11980,2980.0,-2890.0
12000,3050.0,-2890.0
12020,2950.0,-2840.0
12040,3020.0,-2890.0
12060,2960.0,-2930.0
12080,3020.0,-2890.0
12100,3030.0,-2980.0
12120,3050.0,-2950.0
12140,3050.0,-2950.0
12160,3060.0,-2940.0
12180,3080.0,-2960.0
12200,3040.0,-2930.0
12220,3060.0,-2900.0
12240,3010.0,-2840.0
12260,3000.0,-2860.0
12280,3050.0,-2920.0
12300,3050.0,-2880.0
12320,2990.0,-2830.0
12340,3000.0,-2780.0
12360,3020.0,-2860.0
12380,2990.0,-2900.0
12400,3030.0,-2930.0
12420,3000.0,-2890.0
12440,3010.0,-2860.0
12460,3060.0,-2860.0
12480,3070.0,-2800.0
12500,2980.0,-2740.0
12520,2950.0,-2740.0
12540,2960.0,-2730.0
12560,3020.0,-2780.0
12580,3010.0,-2840.0
12600,2970.0,-2790.0
12620,2990.0,-2840.0
12640,3010.0,-2870.0
12660,3030.0,-2890.0
12680,2990.0,-2930.0
12700,3020.0,-2850.0
12720,3010.0,-2880.0
12740,2970.0,-2910.0
12760,2950.0,-2920.0
12780,3020.0,-2900.0
12800,3010.0,-2890.0
12820,3020.0,-2960.0
12840,3000.0,-3010.0
12860,2970.0,-2950.0
12880,2960.0,-2970.0
12900,3030.0,-2890.0
12920,3010.0,-2850.0
12940,3000.0,-2920.0
12960,2980.0,-2970.0
12980,2960.0,-2920.0
13000,2920.0,-2900.0
13020,2990.0,-2940.0
13040,2980.0,-2910.0
13060,2990.0,-2930.0
13080,2990.0,-2950.0
13100,2960.0,-2910.0
13120,2930.0,-2890.0
13140,2990.0,-2890.0
13160,2970.0,-2850.0
13180,2990.0,-2920.0
13200,2980.0,-2960.0
13220,2940.0,-3000.0
13240,2980.0,-2970.0
13260,3090.0,-2990.0
13280,3100.0,-2980.0
13300,3060.0,-2970.0
13320,3100.0,-2900.0
13340,3120.0,-2930.0
13360,3200.0,-3040.0
13380,3100.0,-2990.0
13400,3200.0,-3040.0
13420,3190.0,-3050.0
13440,3230.0,-3020.0
13460,3320.0,-3100.0
13480,3330.0,-3180.0
13500,3240.0,-3320.0
13520,3270.0,-3250.0
13540,3360.0,-3300.0
13560,3380.0,-3290.0
13580,3410.0,-3240.0
13600,3430.0,-3320.0
13620,3500.0,-3250.0
13640,3530.0,-3340.0
13660,3590.0,-3310.0
13680,3620.0,-3340.0
13700,3610.0,-3430.0
13720,3590.0,-3550.0
13740,3630.0,-3580.0
13760,3680.0,-3580.0
13780,3750.0,-3520.0
13800,3770.0,-3520.0
13820,3720.0,-3520.0
13840,3730.0,-3460.0
13860,3700.0,-3500.0
13880,3680.0,-3560.0
13900,3760.0,-3620.0
13920,3780.0,-3610.0
13940,3850.0,-3630.0
13960,3840.0,-3640.0
13980,3820.0,-3610.0
14000,3690.0,-3630.0
14020,3770.0,-3640.0
14040,3800.0,-3570.0
14060,3810.0,-3600.0
14080,3840.0,-3620.0
14100,3840.0,-3610.0
14120,3850.0,-3670.0
14140,3850.0,-3640.0
14160,3790.0,-3660.0
14180,3820.0,-3660.0
14200,3780.0,-3640.0
14220,3830.0,-3660.0
14240,3820.0,-3650.0
14260,3830.0,-3680.0
14280,3800.0,-3750.0
14300,3830.0,-3720.0
14320,3830.0,-3750.0
14340,3870.0,-3740.0
14360,3830.0,-3700.0
14380,3760.0,-3730.0
14400,3840.0,-3770.0
14420,3800.0,-3780.0
14440,3820.0,-3860.0
14460,3830.0,-3810.0
14480,3800.0,-3870.0
14500,3830.0,-3810.0
14520,3840.0,-3770.0
14540,3850.0,-3710.0
14560,3870.0,-3640.0
14580,3940.0,-3610.0
14600,3870.0,-3590.0
14620,3830.0,-3600.0
14640,3780.0,-3620.0
14660,3770.0,-3710.0
14680,3830.0,-3710.0
14700,3890.0,-3690.0
14720,3870.0,-3700.0
14740,3820.0,-3740.0
14760,3810.0,-3810.0
14780,3870.0,-3820.0
14800,3880.0,-3820.0
14820,3850.0,-3820.0
14840,3890.0,-3830.0
14860,3860.0,-3790.0
14880,3910.0,-3760.0
14900,3930.0,-3760.0
14920,3960.0,-3740.0
14940,3910.0,-3740.0
14960,3850.0,-3730.0
14980,3780.0,-3640.0
15000,3730.0,-3650.0
15020,3770.0,-3650.0
15040,3810.0,-3680.0
15060,3810.0,-3660.0
15080,3900.0,-3690.0
15100,3870.0,-3800.0
15120,3810.0,-3700.0
15140,3830.0,-3770.0
15160,3790.0,-3770.0
15180,3840.0,-3770.0
15200,3880.0,-3790.0
15220,3900.0,-3710.0
15240,3860.0,-3710.0
15260,3810.0,-3780.0
15280,3900.0,-3710.0
15300,3860.0,-3720.0
15320,3910.0,-3740.0
15340,3890.0,-3690.0
15360,3870.0,-3720.0
15380,3870.0,-3670.0
15400,3900.0,-3670.0
15420,3850.0,-3670.0
15440,3780.0,-3650.0
15460,3840.0,-3650.0
15480,3860.0,-3700.0
15500,3910.0,-3720.0
15520,3840.0,-3810.0
15540,3810.0,-3750.0
15560,3830.0,-3790.0
15580,3840.0,-3790.0
15600,3840.0,-3690.0
15620,3840.0,-3680.0
15640,3860.0,-3670.0
15660,3840.0,-3720.0
15680,3760.0,-3670.0
15700,3800.0,-3620.0
15720,3760.0,-3690.0
15740,3800.0,-3700.0
15760,3820.0,-3770.0
15780,3860.0,-3760.0
15800,3820.0,-3720.0
15820,3820.0,-3750.0
15840,3840.0,-3780.0
15860,3850.0,-3750.0
15880,3790.0,-3640.0
15900,3770.0,-3650.0
15920,3820.0,-3650.0
15940,3800.0,-3660.0
15960,3800.0,-3670.0
15980,3820.0,-3650.0
16000,3860.0,-3710.0
16020,3820.0,-3750.0
16040,3850.0,-3750.0
16060,3850.0,-3750.0
16080,3810.0,-3810.0
16100,3880.0,-3820.0
16120,3910.0,-3830.0
16140,3950.0,-3760.0
16160,3890.0,-3810.0
16180,3900.0,-3810.0
16200,3880.0,-3740.0
16220,3820.0,-3680.0
16240,3900.0,-3670.0
16260,3830.0,-3680.0
16280,3840.0,-3770.0
16300,3860.0,-3740.0
16320,3880.0,-3740.0
16340,3920.0,-3740.0
16360,3870.0,-3690.0
16380,3850.0,-3710.0
16400,3880.0,-3740.0
16420,3800.0,-3760.0
16440,3790.0,-3750.0
16460,3780.0,-3770.0
16480,3810.0,-3760.0
16500,3790.0,-3640.0
16520,3800.0,-3630.0
16540,3830.0,-3610.0
16560,3850.0,-3670.0
16580,3890.0,-3630.0
16600,3810.0,-3630.0
16620,3830.0,-3640.0
16640,3860.0,-3650.0
16660,3780.0,-3710.0
16680,3800.0,-3730.0
16700,3850.0,-3720.0
16720,3860.0,-3670.0
16740,3830.0,-3640.0
16760,3800.0,-3620.0
16780,3790.0,-3680.0
16800,3790.0,-3640.0
16820,3740.0,-3690.0
16840,3790.0,-3630.0
16860,3830.0,-3760.0
16880,3810.0,-3710.0
16900,3790.0,-3670.0
16920,3760.0,-3620.0
16940,3800.0,-3670.0
16960,3810.0,-3730.0
16980,3880.0,-3680.0
17000,3860.0,-3580.0
17020,3820.0,-3630.0
17040,3760.0,-3640.0
17060,3770.0,-3670.0
17080,3770.0,-3660.0
17100,3830.0,-3610.0
17120,3850.0,-3640.0
17140,3860.0,-3660.0
17160,3830.0,-3700.0
17180,3880.0,-3680.0
17200,3850.0,-3730.0
17220,3770.0,-3680.0
17240,3810.0,-3670.0
17260,3860.0,-3690.0
17280,3810.0,-3770.0
17300,3810.0,-3760.0
17320,3810.0,-3730.0
17340,3780.0,-3700.0
17360,3820.0,-3750.0
17380,3860.0,-3690.0
17400,3850.0,-3680.0
17420,3780.0,-3670.0
17440,3780.0,-3750.0
17460,3790.0,-3730.0
17480,3790.0,-3690.0
17500,3840.0,-3660.0
17520,3840.0,-3560.0
17540,3770.0,-3500.0
17560,3810.0,-3530.0
17580,3800.0,-3580.0
17600,3790.0,-3640.0
17620,3810.0,-3630.0
17640,3810.0,-3650.0
17660,3850.0,-3590.0
17680,3820.0,-3640.0
17700,3790.0,-3710.0
17720,3790.0,-3710.0
17740,3730.0,-3710.0
17760,3770.0,-3720.0
17780,3800.0,-3730.0
17800,3830.0,-3730.0
17820,3860.0,-3750.0
17840,3850.0,-3740.0
17860,3820.0,-3680.0
17880,3850.0,-3650.0
17900,3920.0,-3670.0
17920,3880.0,-3670.0
17940,3830.0,-3640.0
17960,3810.0,-3580.0
17980,3820.0,-3660.0
18000,3850.0,-3640.0
18020,3860.0,-3570.0
18040,3890.0,-3580.0
18060,3820.0,-3680.0
18080,3790.0,-3650.0
18100,3830.0,-3760.0
18120,3890.0,-3770.0
18140,3850.0,-3670.0
18160,3820.0,-3680.0
18180,3860.0,-3790.0
18200,3880.0,-3760.0
18220,3870.0,-3800.0
18240,3810.0,-3730.0
18260,3850.0,-3750.0
18280,3810.0,-3730.0
18300,3820.0,-3690.0
18320,3850.0,-3720.0
18340,3880.0,-3670.0
18360,3900.0,-3710.0
18380,3800.0,-3690.0
18400,3810.0,-3660.0
18420,3830.0,-3600.0
18440,3800.0,-3660.0
18460,3810.0,-3650.0
18480,3810.0,-3600.0
18500,3820.0,-3750.0
18520,3870.0,-3740.0
18540,3910.0,-3700.0
18560,3880.0,-3700.0
18580,3810.0,-3740.0
18600,3820.0,-3750.0
18620,3900.0,-3700.0
18640,3850.0,-3700.0
18660,3890.0,-3760.0
18680,3860.0,-3740.0
18700,3860.0,-3750.0
18720,3820.0,-3760.0
18740,3820.0,-3780.0
18760,3810.0,-3790.0
18780,3850.0,-3740.0
18800,3890.0,-3790.0
18820,3830.0,-3790.0
18840,3820.0,-3790.0
18860,3850.0,-3760.0
18880,3870.0,-3740.0
18900,3940.0,-3770.0
18920,3910.0,-3740.0
18940,3880.0,-3700.0
18960,3840.0,-3660.0
18980,3820.0,-3680.0
19000,3910.0,-3670.0
19020,3960.0,-3640.0
19040,3950.0,-3700.0
19060,3830.0,-3670.0
19080,3780.0,-3690.0
19100,3790.0,-3660.0
19120,3840.0,-3630.0
19140,3860.0,-3610.0
19160,3830.0,-3710.0
19180,3940.0,-3750.0
19200,3880.0,-3710.0
19220,3840.0,-3670.0
19240,3850.0,-3750.0
19260,3800.0,-3840.0
19280,3810.0,-3790.0
19300,3830.0,-3770.0
19320,3880.0,-3770.0
19340,3810.0,-3760.0
19360,3850.0,-3780.0
19380,3940.0,-3720.0
19400,3850.0,-3760.0
19420,3840.0,-3730.0
19440,3840.0,-3670.0
19460,3850.0,-3630.0
19480,3890.0,-3570.0
19500,3810.0,-3690.0
19520,3840.0,-3650.0
19540,3790.0,-3650.0
19560,3820.0,-3670.0
19580,3850.0,-3590.0
19600,3850.0,-3560.0
19620,3860.0,-3510.0
19640,3870.0,-3530.0
19660,3810.0,-3500.0
19680,3850.0,-3610.0
19700,3880.0,-3590.0
19720,3850.0,-3620.0
19740,3810.0,-3670.0
19760,3850.0,-3680.0
19780,3850.0,-3780.0
19800,3810.0,-3770.0
19820,3830.0,-3780.0
19840,3850.0,-3840.0
19860,3840.0,-3820.0
19880,3890.0,-3770.0
19900,3900.0,-3720.0
19920,3940.0,-3720.0
19940,3930.0,-3770.0
19960,3990.0,-3730.0
19980,3910.0,-3760.0
20000,3700.0,-3740.0
20020,3740.0,-3790.0
20040,3830.0,-3730.0
20060,3820.0,-3760.0
20080,3860.0,-3730.0
20100,3880.0,-3640.0
20120,3930.0,-3630.0
20140,3850.0,-3590.0
20160,3800.0,-3580.0
20180,3820.0,-3660.0
20200,3780.0,-3600.0
20220,3750.0,-3600.0
20240,3850.0,-3640.0
20260,3870.0,-3690.0
20280,3930.0,-3740.0
20300,3840.0,-3780.0
20320,3850.0,-3840.0
20340,3790.0,-3740.0
20360,3810.0,-3790.0
20380,3850.0,-3790.0
20400,3860.0,-3780.0
20420,3810.0,-3760.0
20440,3870.0,-3690.0
20460,3880.0,-3650.0
20480,3800.0,-3640.0
20500,3850.0,-3650.0
20520,3870.0,-3720.0
20540,3800.0,-3760.0
20560,3860.0,-3730.0
20580,3830.0,-3790.0
20600,3880.0,-3710.0
20620,3940.0,-3780.0
20640,3920.0,-3740.0
20660,3840.0,-3800.0
20680,3860.0,-3780.0
20700,3850.0,-3680.0
20720,3830.0,-3630.0
20740,3830.0,-3650.0
20760,3840.0,-3690.0
20780,3820.0,-3730.0
20800,3820.0,-3760.0
20820,3870.0,-3750.0
20840,3860.0,-3670.0
20860,3840.0,-3700.0
20880,3780.0,-3700.0
20900,3810.0,-3630.0
20920,3780.0,-3690.0
20940,3800.0,-3700.0
20960,3860.0,-3610.0
20980,3860.0,-3550.0
21000,3940.0,-3770.0
21020,3870.0,-3830.0
21040,3850.0,-3780.0
21060,3910.0,-3780.0
21080,3860.0,-3730.0
21100,3820.0,-3710.0
21120,3850.0,-3750.0
21140,3890.0,-3770.0
21160,3870.0,-3770.0
21180,3860.0,-3790.0
21200,3840.0,-3750.0
21220,3810.0,-3780.0
21240,3910.0,-3730.0
21260,3890.0,-3740.0
21280,3850.0,-3700.0
21300,3890.0,-3800.0
21320,3800.0,-3700.0
21340,3790.0,-3770.0
21360,3810.0,-3750.0
21380,3800.0,-3750.0
21400,3830.0,-3730.0
21420,3850.0,-3680.0
21440,3890.0,-3680.0
21460,3850.0,-3680.0
21480,3860.0,-3690.0
21500,3870.0,-3700.0
21520,3850.0,-3700.0
21540,3830.0,-3760.0
21560,3840.0,-3790.0
21580,3870.0,-3740.0
21600,3840.0,-3750.0
21620,3920.0,-3710.0
21640,3840.0,-3680.0
21660,3890.0,-3610.0
21680,3800.0,-3640.0
21700,3790.0,-3660.0
21720,3800.0,-3600.0
21740,3850.0,-3560.0
21760,3810.0,-3550.0
21780,3830.0,-3670.0
21800,3840.0,-3670.0
21820,3800.0,-3730.0
21840,3790.0,-3730.0
21860,3880.0,-3740.0
21880,3840.0,-3730.0
21900,3890.0,-3760.0
21920,3860.0,-3730.0
21940,3880.0,-3720.0
21960,3890.0,-3770.0
21980,3880.0,-3750.0
22000,3850.0,-3760.0
22020,3890.0,-3790.0
22040,3890.0,-3770.0
22060,3920.0,-3700.0
22080,3930.0,-3700.0
22100,3910.0,-3780.0
22120,3910.0,-3750.0
22140,3890.0,-3790.0
22160,3820.0,-3780.0
22180,3790.0,-3740.0
22200,3830.0,-3700.0
22220,3870.0,-3790.0
22240,3890.0,-3670.0
22260,3860.0,-3670.0
22280,3900.0,-3660.0
22300,3870.0,-3630.0
22320,3830.0,-3600.0
22340,3800.0,-3590.0
22360,3850.0,-3640.0
22380,3850.0,-3620.0
22400,3850.0,-3530.0
22420,3820.0,-3570.0
22440,3770.0,-3570.0
22460,3680.0,-3520.0
22480,3720.0,-3570.0
22500,3840.0,-3770.0
22520,3810.0,-3780.0
22540,3820.0,-3770.0
22560,3840.0,-3770.0
22580,3930.0,-3700.0
22600,3860.0,-3730.0
22620,3780.0,-3760.0
22640,3860.0,-3680.0
22660,3870.0,-3740.0
22680,3820.0,-3740.0
22700,3860.0,-3680.0
22720,3850.0,-3660.0
22740,3820.0,-3740.0
22760,3850.0,-3710.0
22780,3820.0,-3690.0
22800,3860.0,-3680.0
22820,3790.0,-3730.0
22840,3830.0,-3790.0
22860,3850.0,-3670.0
22880,3840.0,-3690.0
22900,3860.0,-3770.0
22920,3830.0,-3720.0
22940,3810.0,-3710.0
22960,3830.0,-3760.0
22980,3870.0,-3820.0
23000,3970.0,-3930.0
23020,3940.0,-3900.0
23040,3910.0,-3780.0
23060,3950.0,-3790.0
23080,3990.0,-3820.0
23100,4020.0,-3870.0
23120,4030.0,-3870.0
23140,4020.0,-3810.0
23160,4090.0,-3850.0
23180,4060.0,-3860.0
23200,4050.0,-3800.0
23220,4070.0,-3820.0
23240,4150.0,-3880.0
23260,4220.0,-3970.0
23280,4170.0,-3920.0
23300,4200.0,-3910.0
23320,4150.0,-4010.0
23340,4250.0,-4000.0
23360,4190.0,-4070.0
23380,4210.0,-4030.0
23400,4250.0,-4070.0
23420,4270.0,-4120.0
23440,4250.0,-4150.0
23460,4240.0,-4150.0
23480,4260.0,-4170.0
23500,4250.0,-4000.0
23520,4290.0,-3950.0
23540,4220.0,-4060.0
23560,4270.0,-4040.0
23580,4220.0,-4050.0
23600,4190.0,-4100.0
23620,4240.0,-4050.0
23640,4220.0,-4100.0
23660,4210.0,-4140.0
23680,4290.0,-4190.0
23700,4280.0,-4160.0
23720,4210.0,-4130.0
23740,4220.0,-4100.0
23760,4200.0,-4130.0
23780,4220.0,-4170.0
23800,4240.0,-4130.0
23820,4280.0,-4050.0
23840,4290.0,-4090.0
23860,4260.0,-4080.0
23880,4220.0,-4040.0
23900,4270.0,-4090.0
23920,4260.0,-4070.0
23940,4360.0,-4080.0
23960,4360.0,-4080.0
23980,4290.0,-4060.0
24000,4240.0,-4310.0
24020,4260.0,-4300.0
24040,4290.0,-4230.0
24060,4240.0,-4210.0
24080,4200.0,-4180.0
24100,4160.0,-4110.0
24120,4280.0,-4120.0
24140,4220.0,-4110.0
24160,4300.0,-4120.0
24180,4350.0,-4150.0
24200,4320.0,-4180.0
24220,4310.0,-4150.0
24240,4240.0,-4110.0
24260,4230.0,-4120.0
24280,4290.0,-4070.0
24300,4300.0,-4060.0
24320,4240.0,-4050.0
24340,4200.0,-4090.0
24360,4230.0,-4090.0
24380,4260.0,-4160.0
24400,4260.0,-4220.0
24420,4240.0,-4220.0
24440,4220.0,-4180.0
24460,4230.0,-4090.0
24480,4260.0,-3980.0
24500,4300.0,-3980.0
24520,4310.0,-3950.0
24540,4320.0,-3970.0
24560,4320.0,-3990.0
24580,4330.0,-4060.0
24600,4360.0,-4140.0
24620,4370.0,-4160.0
24640,4310.0,-4140.0
24660,4400.0,-4120.0
24680,4390.0,-4180.0
24700,4290.0,-4150.0
24720,4230.0,-4100.0
24740,4200.0,-4090.0
24760,4190.0,-4170.0
24780,4090.0,-4150.0
24800,4180.0,-4060.0
24820,4180.0,-4080.0
24840,4220.0,-4140.0
24860,4190.0,-4120.0
24880,4210.0,-4130.0
24900,4210.0,-4090.0
24920,4250.0,-4070.0
24940,4230.0,-4100.0
24960,4300.0,-4140.0
24980,4280.0,-4100.0
25000,4220.0,-3990.0
25020,4260.0,-4070.0
25040,4260.0,-4080.0
25060,4300.0,-4130.0
25080,4250.0,-4150.0
25100,4310.0,-4170.0
25120,4360.0,-4180.0
25140,4280.0,-4160.0
25160,4230.0,-4120.0
25180,4300.0,-4010.0
25200,4270.0,-4060.0
25220,4330.0,-4070.0
25240,4290.0,-4020.0
25260,4360.0,-4060.0
25280,4300.0,-4100.0
25300,4300.0,-4110.0
25320,4310.0,-4100.0
25340,4360.0,-4170.0
25360,4390.0,-4240.0
25380,4300.0,-4250.0
25400,4300.0,-4190.0
25420,4310.0,-4170.0
25440,4320.0,-4230.0
25460,4260.0,-4190.0
25480,4310.0,-4240.0
25500,4290.0,-4020.0
25520,4280.0,-4030.0
25540,4290.0,-4080.0
25560,4220.0,-4200.0
25580,4240.0,-4200.0
25600,4280.0,-4180.0
25620,4310.0,-4230.0
25640,4300.0,-4180.0
25660,4290.0,-4180.0
25680,4350.0,-4210.0
25700,4300.0,-4220.0
25720,4260.0,-4230.0
25740,4260.0,-4280.0
25760,4290.0,-4280.0
25780,4260.0,-4200.0
25800,4190.0,-4210.0
25820,4230.0,-4210.0
25840,4300.0,-4230.0
25860,4270.0,-4290.0
25880,4290.0,-4250.0
25900,4280.0,-4160.0
25920,4300.0,-4180.0
25940,4230.0,-4130.0
25960,4200.0,-4130.0
25980,4200.0,-4100.0
26000,4360.0,-4130.0
26020,4300.0,-4180.0
26040,4290.0,-4200.0
26060,4350.0,-4250.0
26080,4280.0,-4130.0
26100,4270.0,-4090.0
26120,4330.0,-4130.0
26140,4330.0,-4140.0
26160,4340.0,-4230.0
26180,4260.0,-4190.0
26200,4250.0,-4110.0
26220,4260.0,-4130.0
26240,4270.0,-4140.0
26260,4300.0,-4140.0
26280,4230.0,-4170.0
26300,4220.0,-4170.0
26320,4250.0,-4220.0
26340,4230.0,-4220.0
26360,4190.0,-4180.0
26380,4250.0,-4130.0
26400,4320.0,-4140.0
26420,4260.0,-4170.0
26440,4320.0,-4160.0
26460,4270.0,-4220.0
26480,4270.0,-4110.0
26500,4330.0,-4140.0
26520,4300.0,-4200.0
26540,4400.0,-4130.0
26560,4380.0,-4160.0
26580,4370.0,-4150.0
26600,4320.0,-4130.0
26620,4280.0,-4090.0
26640,4350.0,-4090.0
26660,4330.0,-4110.0
26680,4240.0,-4160.0
26700,4350.0,-4210.0
26720,4380.0,-4220.0
26740,4340.0,-4250.0
26760,4310.0,-4220.0
26780,4360.0,-4190.0
26800,4310.0,-4170.0
26820,4340.0,-4190.0
26840,4300.0,-4100.0
26860,4240.0,-4110.0
26880,4280.0,-4120.0
26900,4320.0,-4150.0
26920,4360.0,-4090.0
26940,4400.0,-4050.0
26960,4380.0,-4040.0
26980,4380.0,-4080.0
27000,4340.0,-3960.0
27020,4270.0,-3970.0
27040,4320.0,-4030.0
27060,4250.0,-3990.0
27080,4160.0,-4060.0
27100,4160.0,-4110.0
27120,4250.0,-4080.0
27140,4220.0,-4100.0
27160,4220.0,-4100.0
27180,4290.0,-4130.0
27200,4190.0,-4130.0
27220,4280.0,-4180.0
27240,4280.0,-4170.0
27260,4200.0,-4160.0
27280,4210.0,-4120.0
27300,4140.0,-4160.0
27320,4140.0,-4110.0
27340,4170.0,-4130.0
27360,4120.0,-4130.0
27380,4090.0,-4160.0
27400,4090.0,-4160.0
27420,4200.0,-4100.0
27440,4240.0,-4100.0
27460,4260.0,-4020.0
27480,4300.0,-4050.0
27500,4300.0,-4230.0
27520,4300.0,-4220.0
27540,4300.0,-4160.0
27560,4380.0,-4150.0
27580,4350.0,-4090.0
27600,4300.0,-4100.0
27620,4270.0,-4170.0
27640,4320.0,-4190.0
27660,4270.0,-4120.0
27680,4250.0,-4090.0
27700,4240.0,-4170.0
27720,4270.0,-4220.0
27740,4220.0,-4160.0
27760,4230.0,-4170.0
27780,4190.0,-4160.0
27800,4150.0,-4250.0
27820,4200.0,-4260.0
27840,4170.0,-4260.0
27860,4190.0,-4240.0
27880,4210.0,-4210.0
27900,4170.0,-4230.0
27920,4260.0,-4290.0
27940,4320.0,-4320.0
27960,4370.0,-4330.0
27980,4330.0,-4430.0
28000,4260.0,-4190.0
28020,4310.0,-4140.0
28040,4290.0,-4190.0
28060,4310.0,-4230.0
28080,4270.0,-4200.0
28100,4210.0,-4260.0
28120,4270.0,-4210.0
28140,4200.0,-4100.0
28160,4190.0,-4120.0
28180,4240.0,-4100.0
28200,4270.0,-4140.0
28220,4270.0,-4180.0
28240,4250.0,-4150.0
28260,4260.0,-4060.0
28280,4270.0,-4020.0
28300,4220.0,-4060.0
28320,4320.0,-4110.0
28340,4310.0,-4090.0
28360,4240.0,-4100.0
28380,4300.0,-4140.0
28400,4280.0,-4170.0
28420,4230.0,-4220.0
28440,4220.0,-4200.0
28460,4260.0,-4130.0
28480,4260.0,-4070.0
28500,4280.0,-3980.0
28520,4340.0,-4050.0
28540,4270.0,-4120.0
28560,4210.0,-4040.0
28580,4210.0,-4090.0
28600,4280.0,-4080.0
28620,4360.0,-4110.0
28640,4260.0,-4160.0
28660,4240.0,-4110.0
28680,4290.0,-4090.0
28700,4310.0,-4140.0
28720,4260.0,-4110.0
28740,4260.0,-4140.0
28760,4290.0,-4120.0
28780,4270.0,-4140.0
28800,4320.0,-4090.0
28820,4340.0,-4060.0
28840,4410.0,-4120.0
28860,4290.0,-4130.0
28880,4280.0,-4090.0
28900,4290.0,-4180.0
28920,4260.0,-4150.0
28940,4290.0,-4140.0
28960,4340.0,-4170.0
28980,4290.0,-4170.0
29000,4400.0,-4260.0
29020,4380.0,-4330.0
29040,4330.0,-4340.0
29060,4300.0,-4310.0
29080,4230.0,-4270.0
29100,4150.0,-4220.0
29120,4220.0,-4140.0
29140,4340.0,-4150.0
29160,4270.0,-4030.0
29180,4310.0,-4050.0
29200,4240.0,-3960.0
29220,4190.0,-4070.0
29240,4230.0,-4200.0
29260,4250.0,-4170.0
29280,4250.0,-4190.0
29300,4250.0,-4150.0
29320,4210.0,-4220.0
29340,4260.0,-4310.0
29360,4190.0,-4340.0
29380,4210.0,-4300.0
29400,4210.0,-4230.0
29420,4250.0,-4230.0
29440,4330.0,-4300.0
29460,4260.0,-4280.0
29480,4330.0,-4200.0
29500,4340.0,-4180.0
29520,4280.0,-4190.0
29540,4340.0,-4100.0
29560,4320.0,-4140.0
29580,4240.0,-4200.0
29600,4190.0,-4130.0
29620,4110.0,-4130.0
29640,4140.0,-4110.0
29660,4180.0,-4160.0
29680,4250.0,-4210.0
29700,4240.0,-4140.0
29720,4260.0,-4100.0
29740,4240.0,-4120.0
29760,4190.0,-4170.0
29780,4230.0,-4230.0
29800,4270.0,-4220.0
29820,4240.0,-4130.0
29840,4280.0,-4150.0
29860,4250.0,-4150.0
29880,4260.0,-4180.0
29900,4200.0,-4150.0
29920,4250.0,-4120.0
29940,4230.0,-4090.0
29960,4280.0,-4130.0
29980,4260.0,-4140.0
30000,4280.0,-4030.0
30020,4320.0,-4030.0
30040,4250.0,-4080.0
30060,4300.0,-4140.0
30080,4250.0,-4070.0
30100,4260.0,-4060.0
30120,4260.0,-4010.0
30140,4210.0,-4040.0
30160,4260.0,-4090.0
30180,4300.0,-4040.0
30200,4330.0,-4060.0
30220,4320.0,-4060.0
30240,4260.0,-4120.0
30260,4300.0,-4120.0
30280,4300.0,-4100.0
30300,4310.0,-4030.0
30320,4250.0,-4080.0
30340,4170.0,-4060.0
30360,4200.0,-4160.0
30380,4170.0,-4170.0
30400,4210.0,-4140.0
30420,4240.0,-4120.0
30440,4220.0,-4140.0
30460,4230.0,-4180.0
30480,4220.0,-4170.0
30500,4240.0,-4020.0
30520,4250.0,-4050.0
30540,4280.0,-4080.0
30560,4320.0,-4000.0
30580,4290.0,-4030.0
30600,4340.0,-4100.0
30620,4300.0,-4210.0
30640,4380.0,-4230.0
30660,4420.0,-4280.0
30680,4400.0,-4250.0
30700,4370.0,-4290.0
30720,4470.0,-4310.0
30740,4520.0,-4430.0
30760,4610.0,-4470.0
30780,4690.0,-4500.0
30800,4680.0,-4550.0
30820,4740.0,-4540.0
30840,4820.0,-4610.0
30860,4840.0,-4690.0
30880,4870.0,-4810.0
30900,4910.0,-4830.0
30920,4970.0,-4840.0
30940,5050.0,-4840.0
30960,5060.0,-4910.0
30980,5000.0,-4910.0
31000,5030.0,-4910.0
31020,5030.0,-4980.0
31040,5040.0,-5070.0
31060,5080.0,-5020.0
31080,5020.0,-5070.0
31100,5040.0,-5010.0
31120,5090.0,-5090.0
31140,5150.0,-5120.0
31160,5150.0,-5190.0
31180,5130.0,-5200.0
31200,5070.0,-5130.0
31220,5080.0,-5140.0
31240,5080.0,-5120.0
31260,5090.0,-5080.0
31280,5020.0,-5080.0
31300,5010.0,-5060.0
31320,5020.0,-5160.0
31340,5000.0,-5140.0
31360,5050.0,-5160.0
31380,5060.0,-5180.0
31400,5090.0,-5080.0
31420,5100.0,-5090.0
31440,5110.0,-5110.0
31460,5100.0,-5100.0
31480,5070.0,-5040.0
31500,5140.0,-5200.0
31520,5060.0,-5120.0
31540,5000.0,-5140.0
31560,4990.0,-5100.0
31580,5020.0,-5120.0
31600,5100.0,-5110.0
31620,5040.0,-5060.0
31640,5040.0,-5030.0
31660,5050.0,-4990.0
31680,5060.0,-5030.0
31700,5100.0,-5040.0
31720,5060.0,-5010.0
31740,5040.0,-4930.0
31760,5000.0,-4920.0
31780,5030.0,-4960.0
31800,5070.0,-5020.0
31820,5060.0,-4960.0
31840,5000.0,-5020.0
31860,5000.0,-4990.0
31880,4970.0,-5000.0
31900,4970.0,-5030.0
31920,5050.0,-5010.0
31940,5030.0,-5030.0
31960,5110.0,-5060.0
31980,5050.0,-5050.0
32000,5080.0,-5170.0
32020,4980.0,-5170.0
32040,5020.0,-5130.0
32060,4940.0,-5130.0
32080,4980.0,-5100.0
32100,4950.0,-5130.0
32120,4980.0,-5110.0
32140,4930.0,-5010.0
32160,4990.0,-5060.0
32180,4990.0,-4990.0
32200,4940.0,-4910.0
32220,4960.0,-4930.0
32240,4950.0,-4850.0
32260,5030.0,-4820.0
32280,5090.0,-4820.0
32300,5080.0,-4860.0
32320,5080.0,-4910.0
32340,5090.0,-4900.0
32360,5120.0,-4880.0
32380,5110.0,-4980.0
32400,5050.0,-4990.0
32420,5030.0,-4930.0
32440,5040.0,-5000.0
32460,5050.0,-4950.0
32480,5150.0,-4900.0
32500,5010.0,-5310.0
32520,4930.0,-5210.0
32540,4990.0,-5220.0
32560,4950.0,-5170.0
32580,5030.0,-5200.0
32600,5040.0,-5120.0
32620,5090.0,-5080.0
32640,5130.0,-5070.0
32660,5130.0,-5050.0
32680,5170.0,-5020.0
32700,5230.0,-5020.0
32720,5190.0,-5040.0
32740,5100.0,-5050.0
32760,5040.0,-5070.0
32780,5100.0,-5080.0
32800,5100.0,-5130.0
32820,5020.0,-5180.0
32840,5120.0,-5140.0
32860,5040.0,-5210.0
32880,5030.0,-5210.0
32900,5000.0,-5110.0
32920,5000.0,-5130.0
32940,4910.0,-5070.0
32960,4980.0,-5040.0
32980,4990.0,-5040.0
33000,4900.0,-5110.0
33020,4900.0,-5100.0
33040,4950.0,-5020.0
33060,5010.0,-5000.0
33080,4940.0,-5070.0
33100,4960.0,-5020.0
33120,5040.0,-5010.0
33140,5100.0,-5060.0
33160,5060.0,-5020.0
33180,4990.0,-5080.0
33200,4970.0,-5120.0
33220,5040.0,-5110.0
33240,5080.0,-5090.0
33260,5150.0,-5050.0
33280,5120.0,-5080.0
33300,5090.0,-5030.0
33320,5120.0,-5060.0
33340,5160.0,-5020.0
33360,5190.0,-5000.0
33380,5170.0,-5020.0
33400,5170.0,-5030.0
33420,5110.0,-5010.0
33440,5100.0,-5020.0
33460,5010.0,-5030.0
33480,5020.0,-5060.0
33500,4980.0,-5000.0
33520,4960.0,-4990.0
33540,5030.0,-5020.0
33560,4920.0,-5050.0
33580,4960.0,-5010.0
33600,5000.0,-4980.0
33620,4960.0,-5010.0
33640,5030.0,-4990.0
33660,5130.0,-4940.0
33680,5110.0,-4980.0
33700,5090.0,-4930.0
33720,5020.0,-5010.0
33740,5070.0,-5050.0
33760,5100.0,-5050.0
33780,5090.0,-5130.0
33800,5080.0,-5040.0
33820,5160.0,-5120.0
33840,5080.0,-5140.0
33860,5070.0,-5130.0
33880,5050.0,-5100.0
33900,5150.0,-5070.0
33920,5210.0,-4970.0
33940,5220.0,-5000.0
33960,5190.0,-4970.0
33980,5160.0,-4940.0
34000,5240.0,-4910.0
34020,5200.0,-4910.0
34040,5200.0,-4940.0
34060,5100.0,-4960.0
34080,5040.0,-5010.0
34100,5100.0,-5080.0
34120,5110.0,-5070.0
34140,5120.0,-5030.0
34160,5140.0,-5020.0
34180,5070.0,-5020.0
34200,5070.0,-4970.0
34220,5000.0,-4860.0
34240,4930.0,-4890.0
34260,4960.0,-4930.0
34280,5000.0,-4960.0
34300,4970.0,-4960.0
34320,5000.0,-5010.0
34340,5070.0,-5000.0
34360,5070.0,-4950.0
34380,5090.0,-5010.0
34400,5070.0,-4990.0
34420,5090.0,-4940.0
34440,5140.0,-4940.0
34460,5080.0,-4910.0
34480,5150.0,-4880.0
34500,5140.0,-4890.0
34520,5090.0,-4970.0
34540,5190.0,-5030.0
34560,5170.0,-5100.0
34580,5040.0,-5080.0
34600,5030.0,-5030.0
34620,4980.0,-4900.0
34640,5020.0,-4880.0
34660,5070.0,-4950.0
34680,5140.0,-4980.0
34700,5130.0,-5000.0
34720,5060.0,-5030.0
34740,5080.0,-5030.0
34760,5090.0,-5070.0
34780,5040.0,-5020.0
34800,5100.0,-4950.0
34820,5080.0,-4880.0
34840,5100.0,-4930.0
34860,5070.0,-4990.0
34880,5080.0,-4970.0
34900,5060.0,-4960.0
34920,4980.0,-4940.0
34940,5000.0,-5010.0
34960,4990.0,-5030.0
34980,5050.0,-5020.0
35000,5120.0,-4740.0
35020,5180.0,-4740.0
35040,5210.0,-4770.0
35060,5120.0,-4760.0
35080,5130.0,-4840.0
35100,5160.0,-4860.0
35120,5130.0,-4910.0
35140,5150.0,-4960.0
35160,5210.0,-4930.0
35180,5220.0,-4950.0
35200,5230.0,-5020.0
35220,5200.0,-5030.0
35240,5180.0,-5050.0
35260,5170.0,-5000.0
35280,5130.0,-4960.0
35300,5160.0,-4880.0
35320,5140.0,-4880.0
35340,5140.0,-4850.0
35360,5180.0,-4910.0
35380,5130.0,-4910.0
35400,5160.0,-4930.0
35420,5160.0,-5030.0
35440,5100.0,-5000.0
35460,5060.0,-5010.0
35480,5060.0,-4950.0
35500,5260.0,-5320.0
35520,5290.0,-5210.0
35540,5210.0,-5220.0
35560,5200.0,-5170.0
35580,5200.0,-5130.0
35600,5150.0,-5150.0
35620,5130.0,-5110.0
35640,5140.0,-5110.0
35660,5200.0,-5070.0
35680,5090.0,-5080.0
35700,5150.0,-5100.0
35720,5040.0,-5130.0
35740,5080.0,-5160.0
35760,5150.0,-5130.0
35780,5190.0,-5190.0
35800,5150.0,-5170.0
35820,5120.0,-5140.0
35840,5110.0,-5190.0
35860,5100.0,-5150.0
35880,5110.0,-5120.0
35900,5040.0,-5030.0
35920,5040.0,-5080.0
35940,5130.0,-5100.0
35960,5170.0,-5050.0
35980,5120.0,-5100.0
36000,5140.0,-5000.0
36020,5120.0,-4950.0
36040,5070.0,-4990.0
36060,5060.0,-5070.0
36080,5120.0,-5040.0
36100,5110.0,-5040.0
36120,5090.0,-5060.0
36140,5090.0,-5110.0
36160,5130.0,-5130.0
36180,5230.0,-5090.0
36200,5220.0,-5110.0
36220,5280.0,-5070.0
36240,5310.0,-5110.0
36260,5250.0,-5120.0
36280,5210.0,-5110.0
36300,5170.0,-5060.0
36320,5190.0,-5020.0
36340,5240.0,-5050.0
36360,5160.0,-5000.0
36380,5090.0,-4880.0
36400,5070.0,-4940.0
36420,4980.0,-4950.0
36440,5020.0,-5020.0
36460,5100.0,-5010.0
36480,5080.0,-4920.0
36500,5050.0,-5210.0
36520,5080.0,-5150.0
36540,5150.0,-5130.0
36560,5150.0,-5130.0
36580,5250.0,-5160.0
36600,5310.0,-5120.0
36620,5240.0,-5140.0
36640,5220.0,-5170.0
36660,5150.0,-5120.0
36680,5180.0,-5110.0
36700,5170.0,-5100.0
36720,5110.0,-5140.0
36740,5130.0,-5090.0
36760,5200.0,-5090.0
36780,5100.0,-5090.0
36800,5110.0,-5070.0
36820,5130.0,-5090.0
36840,5020.0,-5160.0
36860,5020.0,-5170.0
36880,5070.0,-5170.0
36900,5130.0,-5110.0
36920,5170.0,-5100.0
36940,5110.0,-5110.0
36960,5130.0,-5160.0
36980,5200.0,-5160.0
37000,5230.0,-4940.0
37020,5190.0,-4890.0
37040,5120.0,-4870.0
37060,5040.0,-4890.0
37080,5030.0,-4880.0
37100,4980.0,-4810.0
37120,5020.0,-4850.0
37140,5070.0,-4950.0
37160,5090.0,-5030.0
37180,5090.0,-5040.0
37200,5130.0,-4960.0
37220,5100.0,-4980.0
37240,5160.0,-4950.0
37260,5190.0,-4940.0
37280,5110.0,-4990.0
37300,5180.0,-4970.0
37320,5180.0,-4920.0
37340,5180.0,-4830.0
37360,5160.0,-4870.0
37380,5120.0,-4870.0
37400,5100.0,-4910.0
37420,5130.0,-4980.0
37440,5120.0,-4990.0
37460,5080.0,-4990.0
37480,5070.0,-5010.0
37500,5100.0,-5060.0
37520,5080.0,-5070.0
37540,5080.0,-5070.0
37560,5100.0,-5060.0
37580,5180.0,-5130.0
37600,5200.0,-5140.0
37620,5110.0,-5070.0
37640,5110.0,-5110.0
37660,5160.0,-5130.0
37680,5170.0,-5070.0
37700,5120.0,-5020.0
37720,5150.0,-5090.0
37740,5160.0,-5110.0
37760,5210.0,-5070.0
37780,5160.0,-5100.0
37800,5160.0,-5090.0
37820,5140.0,-5160.0
37840,5150.0,-5100.0
37860,5100.0,-4990.0
37880,5060.0,-4990.0
37900,5040.0,-5010.0
37920,5090.0,-5020.0
37940,5060.0,-5000.0
37960,5070.0,-4970.0
37980,5040.0,-5080.0
38000,5070.0,-5110.0
38020,5100.0,-5060.0
38040,5030.0,-4970.0
38060,5090.0,-5030.0
38080,5120.0,-5010.0
38100,5070.0,-5010.0
38120,4980.0,-4980.0
38140,5050.0,-5040.0
38160,5040.0,-4960.0
38180,4950.0,-5060.0
38200,4980.0,-5040.0
38220,5030.0,-5070.0
38240,5040.0,-5000.0
38260,5040.0,-4980.0
38280,5060.0,-4990.0
38300,5030.0,-4990.0
38320,4970.0,-5000.0
38340,5010.0,-5030.0
38360,5050.0,-5100.0
38380,4950.0,-5100.0
38400,4960.0,-5080.0
38420,5040.0,-5150.0
38440,5030.0,-5100.0
38460,5090.0,-5100.0
38480,5160.0,-5040.0
38500,5130.0,-5200.0
38520,5110.0,-5160.0
38540,5040.0,-5110.0
38560,5070.0,-5090.0
38580,5120.0,-5070.0
38600,5100.0,-5050.0
38620,5080.0,-5000.0
38640,5060.0,-4990.0
38660,5120.0,-5040.0
38680,5040.0,-5030.0
38700,5050.0,-5080.0
38720,5120.0,-5040.0
38740,5110.0,-5060.0
38760,5090.0,-5090.0
38780,5100.0,-5160.0
38800,5200.0,-5190.0
38820,5160.0,-5210.0
38840,5270.0,-5280.0
38860,5350.0,-5360.0
38880,5390.0,-5410.0
38900,5420.0,-5410.0
38920,5460.0,-5420.0
38940,5480.0,-5470.0
38960,5490.0,-5490.0
38980,5580.0,-5540.0
39000,5640.0,-5980.0
39020,5630.0,-5930.0
39040,5670.0,-5960.0
39060,5680.0,-5950.0
39080,5610.0,-5850.0
39100,5640.0,-5780.0
39120,5630.0,-5690.0
39140,5610.0,-5650.0
39160,5660.0,-5620.0
39180,5630.0,-5690.0
39200,5620.0,-5680.0
39220,5570.0,-5690.0
39240,5600.0,-5720.0
39260,5640.0,-5690.0
39280,5660.0,-5750.0
39300,5620.0,-5660.0
39320,5590.0,-5680.0
39340,5560.0,-5610.0
39360,5580.0,-5620.0
39380,5530.0,-5610.0
39400,5610.0,-5550.0
39420,5600.0,-5570.0
39440,5570.0,-5640.0
39460,5570.0,-5580.0
39480,5530.0,-5610.0
39500,5600.0,-5590.0
39520,5610.0,-5640.0
39540,5550.0,-5700.0
39560,5510.0,-5690.0
39580,5490.0,-5590.0
39600,5510.0,-5580.0
39620,5450.0,-5560.0
39640,5580.0,-5530.0
39660,5660.0,-5480.0
39680,5680.0,-5530.0
39700,5550.0,-5500.0
39720,5430.0,-5490.0
39740,5370.0,-5580.0
39760,5440.0,-5590.0
39780,5540.0,-5640.0
39800,5510.0,-5610.0
39820,5480.0,-5680.0
39840,5460.0,-5670.0
39860,5530.0,-5680.0
39880,5500.0,-5650.0
39900,5540.0,-5610.0
39920,5590.0,-5580.0
39940,5500.0,-5600.0
39960,5530.0,-5560.0
39980,5540.0,-5600.0
40000,5710.0,-5650.0
40020,5690.0,-5580.0
40040,5780.0,-5540.0
40060,5750.0,-5560.0
40080,5790.0,-5570.0
40100,5790.0,-5540.0
40120,5770.0,-5570.0
40140,5790.0,-5580.0
40160,5660.0,-5620.0
40180,5700.0,-5560.0
40200,5700.0,-5590.0
40220,5720.0,-5590.0
40240,5720.0,-5630.0
40260,5740.0,-5740.0
40280,5690.0,-5730.0
40300,5600.0,-5750.0
40320,5650.0,-5650.0
40340,5580.0,-5640.0
40360,5620.0,-5590.0
40380,5680.0,-5520.0
40400,5670.0,-5600.0
40420,5680.0,-5560.0
40440,5760.0,-5640.0
40460,5680.0,-5680.0
40480,5660.0,-5700.0
40500,5570.0,-5330.0
40520,5600.0,-5420.0
40540,5600.0,-5380.0
40560,5570.0,-5410.0
40580,5630.0,-5460.0
40600,5710.0,-5400.0
40620,5740.0,-5330.0
40640,5630.0,-5280.0
40660,5640.0,-5310.0
40680,5600.0,-5360.0
40700,5610.0,-5370.0
40720,5640.0,-5430.0
40740,5640.0,-5450.0
40760,5630.0,-5430.0
40780,5650.0,-5520.0
40800,5560.0,-5470.0
40820,5600.0,-5480.0
40840,5600.0,-5530.0
40860,5590.0,-5540.0
40880,5580.0,-5580.0
40900,5600.0,-5560.0
40920,5580.0,-5520.0
40940,5490.0,-5530.0
40960,5480.0,-5500.0
40980,5490.0,-5530.0
41000,5580.0,-5020.0
41020,5600.0,-5090.0
41040,5630.0,-5090.0
41060,5680.0,-5170.0
41080,5590.0,-5220.0
41100,5520.0,-5220.0
41120,5600.0,-5190.0
41140,5630.0,-5180.0
41160,5620.0,-5120.0
41180,5570.0,-5140.0
41200,5530.0,-5170.0
41220,5530.0,-5160.0
41240,5600.0,-5230.0
41260,5660.0,-5240.0
41280,5640.0,-5360.0
41300,5690.0,-5290.0
41320,5620.0,-5320.0
41340,5540.0,-5330.0
41360,5560.0,-5410.0
41380,5580.0,-5540.0
41400,5610.0,-5550.0
41420,5630.0,-5520.0
41440,5640.0,-5540.0
41460,5580.0,-5510.0
41480,5580.0,-5570.0
41500,5600.0,-5880.0
41520,5530.0,-5880.0
41540,5600.0,-5900.0
41560,5560.0,-5840.0
41580,5530.0,-5860.0
41600,5540.0,-5850.0
41620,5540.0,-5860.0
41640,5520.0,-5800.0
41660,5580.0,-5880.0
41680,5510.0,-5780.0
41700,5550.0,-5670.0
41720,5500.0,-5620.0
41740,5510.0,-5560.0
41760,5530.0,-5580.0
41780,5460.0,-5600.0
41800,5530.0,-5520.0
41820,5490.0,-5590.0
41840,5480.0,-5700.0
41860,5410.0,-5630.0
41880,5420.0,-5620.0
41900,5470.0,-5670.0
41920,5510.0,-5650.0
41940,5510.0,-5650.0
41960,5470.0,-5660.0
41980,5490.0,-5650.0
42000,5670.0,-5350.0
42020,5580.0,-5310.0
42040,5640.0,-5370.0
42060,5610.0,-5400.0
42080,5580.0,-5390.0
42100,5630.0,-5370.0
42120,5680.0,-5440.0
42140,5680.0,-5440.0
42160,5580.0,-5400.0
42180,5590.0,-5420.0
42200,5520.0,-5450.0
42220,5460.0,-5490.0
42240,5550.0,-5500.0
42260,5530.0,-5590.0
42280,5520.0,-5600.0
42300,5470.0,-5560.0
42320,5430.0,-5620.0
42340,5410.0,-5630.0
42360,5500.0,-5550.0
42380,5520.0,-5500.0
42400,5480.0,-5530.0
42420,5480.0,-5510.0
42440,5470.0,-5580.0
42460,5530.0,-5530.0
42480,5580.0,-5600.0
42500,5710.0,-5140.0
42520,5640.0,-5230.0
42540,5710.0,-5240.0
42560,5750.0,-5270.0
42580,5750.0,-5360.0
42600,5670.0,-5330.0
42620,5690.0,-5370.0
42640,5650.0,-5380.0
42660,5710.0,-5250.0
42680,5630.0,-5200.0
42700,5540.0,-5170.0
42720,5590.0,-5180.0
42740,5550.0,-5170.0
42760,5610.0,-5180.0
42780,5590.0,-5190.0
42800,5560.0,-5170.0
42820,5600.0,-5230.0
42840,5530.0,-5290.0
42860,5490.0,-5400.0
42880,5540.0,-5360.0
42900,5570.0,-5380.0
42920,5530.0,-5420.0
42940,5520.0,-5440.0
42960,5540.0,-5500.0
42980,5520.0,-5500.0
43000,5870.0,-5910.0
43020,5760.0,-5820.0
43040,5720.0,-5750.0
43060,5630.0,-5670.0
43080,5540.0,-5690.0
43100,5590.0,-5620.0
43120,5590.0,-5640.0
43140,5670.0,-5620.0
43160,5690.0,-5570.0
43180,5680.0,-5570.0
43200,5660.0,-5480.0
43220,5750.0,-5470.0
43240,5760.0,-5500.0
43260,5670.0,-5510.0
43280,5680.0,-5500.0
43300,5610.0,-5540.0
43320,5540.0,-5540.0
43340,5540.0,-5460.0
43360,5490.0,-5490.0
43380,5520.0,-5510.0
43400,5420.0,-5420.0
43420,5410.0,-5430.0
43440,5480.0,-5430.0
43460,5450.0,-5440.0
43480,5440.0,-5420.0
43500,5830.0,-5440.0
43520,5730.0,-5510.0
43540,5710.0,-5450.0
43560,5650.0,-5500.0
43580,5590.0,-5500.0
43600,5490.0,-5530.0
43620,5530.0,-5440.0
43640,5550.0,-5480.0
43660,5530.0,-5550.0
43680,5550.0,-5510.0
43700,5600.0,-5470.0
43720,5610.0,-5480.0
43740,5590.0,-5510.0
43760,5520.0,-5610.0
43780,5490.0,-5600.0
43800,5520.0,-5570.0
43820,5470.0,-5590.0
43840,5420.0,-5500.0
43860,5500.0,-5530.0
43880,5580.0,-5590.0
43900,5570.0,-5600.0
43920,5570.0,-5610.0
43940,5570.0,-5590.0
43960,5580.0,-5580.0
43980,5550.0,-5540.0
44000,5470.0,-5570.0
44020,5440.0,-5560.0
44040,5430.0,-5550.0
44060,5420.0,-5590.0
44080,5430.0,-5600.0
44100,5410.0,-5560.0
44120,5400.0,-5570.0
44140,5390.0,-5470.0
44160,5480.0,-5430.0
44180,5470.0,-5440.0
44200,5420.0,-5320.0
44220,5300.0,-5200.0
44240,5170.0,-5250.0
44260,5060.0,-5150.0
44280,4950.0,-5100.0
44300,4810.0,-5010.0
44320,4750.0,-4930.0
44340,4660.0,-4930.0
44360,4610.0,-4850.0
44380,4470.0,-4800.0
44400,4360.0,-4770.0
44420,4260.0,-4740.0
44440,4150.0,-4760.0
44460,4120.0,-4830.0
44480,4060.0,-4730.0
44500,1140.0,-880.0
44520,1040.0,-830.0
44540,990.0,-740.0
44560,920.0,-670.0
44580,840.0,-670.0
44600,800.0,-600.0
44620,750.0,-550.0